INSERT INTO Supplier (SupplierID,SupplierName,ContactInfo,ContactName) VALUES ('APPLE001','Apple INC','olivia.mitchell@emailprovider.com','Olivia Mitchell');
INSERT INTO Supplier (SupplierID,SupplierName,ContactInfo,ContactName) VALUES ('SAMSUNG002','Samsung ELECTRONICS','ethan.bennett@emailprovider.com','Ethan Bennett');
INSERT INTO Supplier (SupplierID,SupplierName,ContactInfo,ContactName) VALUES ('HUAWEI003','Huawei TECHNOLOGIES CO Ltd','jasmine.rodriguez@emailprovider.com','Jasmine Rodriguez');
INSERT INTO Supplier (SupplierID,SupplierName,ContactInfo,ContactName) VALUES ('XIAOMI004','Xiaomi CORPORATION','lucas.anderson@emailprovider.com','Lucas Anderson');
INSERT INTO Supplier (SupplierID,SupplierName,ContactInfo,ContactName) VALUES ('BBK005','BBK ELECTRONICS','ava.thompson@emailprovider.com','Ava Thompson');
INSERT INTO Supplier (SupplierID,SupplierName,ContactInfo,ContactName) VALUES ('ZTE007','ZTE CORPORATION','zoe.parker@emailprovider.com','Zoe Parker');
INSERT INTO Supplier (SupplierID,SupplierName,ContactInfo,ContactName) VALUES ('ASUS008','AsusTek Computer Inc','liam.wright@emailprovider.com','Liam Wright');
INSERT INTO Supplier (SupplierID,SupplierName,ContactInfo,ContactName) VALUES ('LENOVO009','LENOVO GROUP LTD','isabella.khan@emailprovider.com','Isabella Khan');
INSERT INTO Supplier (SupplierID,SupplierName,ContactInfo,ContactName) VALUES ('SONY010','SONY CORPORATION','noah.campbell@emailprovider.com','Noah Campbell');
INSERT INTO Supplier (SupplierID,SupplierName,ContactInfo,ContactName) VALUES ('TCL011','TCL COMMUNICATION','sophia.nguyen@emailprovider.com','Sophia Nguyen');


INSERT INTO CreditCardType (CreditCardProvider_ID,ProviderName) VALUES ('V01','Visa');
INSERT INTO CreditCardType (CreditCardProvider_ID,ProviderName) VALUES ('M01','Master');
INSERT INTO CreditCardType (CreditCardProvider_ID,ProviderName) VALUES ('AE01','AmericanExpress');


INSERT INTO Customer (CustomerID,Customer_Name,Customer_LastName,Customer_PhoneNumber,Customer_DateOfBirth) VALUES (1,'Emma','Smith',5551234567,'1985-03-12');
INSERT INTO Customer (CustomerID,Customer_Name,Customer_LastName,Customer_PhoneNumber,Customer_DateOfBirth) VALUES (2,'Liam','Johnson',5552345678,'1990-08-25');
INSERT INTO Customer (CustomerID,Customer_Name,Customer_LastName,Customer_PhoneNumber,Customer_DateOfBirth) VALUES (3,'Olivia','Brown',5553456789,'1982-11-18');
INSERT INTO Customer (CustomerID,Customer_Name,Customer_LastName,Customer_PhoneNumber,Customer_DateOfBirth) VALUES (4,'Noah','Davis',5554567890,'1995-05-02');
INSERT INTO Customer (CustomerID,Customer_Name,Customer_LastName,Customer_PhoneNumber,Customer_DateOfBirth) VALUES (5,'Ava','Miller',5555678901,'1988-09-30');
INSERT INTO Customer (CustomerID,Customer_Name,Customer_LastName,Customer_PhoneNumber,Customer_DateOfBirth) VALUES (6,'Sophia','Wilson',5556789012,'1992-04-22');
INSERT INTO Customer (CustomerID,Customer_Name,Customer_LastName,Customer_PhoneNumber,Customer_DateOfBirth) VALUES (7,'Jackson','Moore',5557890123,'1980-07-15');
INSERT INTO Customer (CustomerID,Customer_Name,Customer_LastName,Customer_PhoneNumber,Customer_DateOfBirth) VALUES (8,'Isabella','Taylor',5558901234,'1998-01-09');
INSERT INTO Customer (CustomerID,Customer_Name,Customer_LastName,Customer_PhoneNumber,Customer_DateOfBirth) VALUES (9,'Lucas','Anderson',5559012345,'1987-06-28');
INSERT INTO Customer (CustomerID,Customer_Name,Customer_LastName,Customer_PhoneNumber,Customer_DateOfBirth) VALUES (10,'Mia','White',5550123456,'1993-12-03');
INSERT INTO Customer (CustomerID,Customer_Name,Customer_LastName,Customer_PhoneNumber,Customer_DateOfBirth) VALUES (11,'Aiden','Harris',5551234567,'1984-02-14');
INSERT INTO Customer (CustomerID,Customer_Name,Customer_LastName,Customer_PhoneNumber,Customer_DateOfBirth) VALUES (12,'Amelia','Thompson',5552345678,'1989-10-07');
INSERT INTO Customer (CustomerID,Customer_Name,Customer_LastName,Customer_PhoneNumber,Customer_DateOfBirth) VALUES (13,'Elijah','Walker',5553456789,'1994-03-20');
INSERT INTO Customer (CustomerID,Customer_Name,Customer_LastName,Customer_PhoneNumber,Customer_DateOfBirth) VALUES (14,'Harper','Hall',5554567890,'1981-08-11');
INSERT INTO Customer (CustomerID,Customer_Name,Customer_LastName,Customer_PhoneNumber,Customer_DateOfBirth) VALUES (15,'Oliver','Turner',5555678901,'1996-06-05');
INSERT INTO Customer (CustomerID,Customer_Name,Customer_LastName,Customer_PhoneNumber,Customer_DateOfBirth) VALUES (16,'Abigail','Martinez',5556789012,'1983-01-27');
INSERT INTO Customer (CustomerID,Customer_Name,Customer_LastName,Customer_PhoneNumber,Customer_DateOfBirth) VALUES (17,'Ethan','Adams',5557890123,'1997-09-17');
INSERT INTO Customer (CustomerID,Customer_Name,Customer_LastName,Customer_PhoneNumber,Customer_DateOfBirth) VALUES (18,'Grace','Rogers',5558901234,'1986-04-08');
INSERT INTO Customer (CustomerID,Customer_Name,Customer_LastName,Customer_PhoneNumber,Customer_DateOfBirth) VALUES (19,'Benjamin','Wright',5559012345,'1991-11-01');
INSERT INTO Customer (CustomerID,Customer_Name,Customer_LastName,Customer_PhoneNumber,Customer_DateOfBirth) VALUES (20,'Chloe','Foster',5550123456,'1989-05-14');
INSERT INTO Customer (CustomerID,Customer_Name,Customer_LastName,Customer_PhoneNumber,Customer_DateOfBirth) VALUES (21,'Henry','Perry',5551234567,'1982-12-27');
INSERT INTO Customer (CustomerID,Customer_Name,Customer_LastName,Customer_PhoneNumber,Customer_DateOfBirth) VALUES (22,'Scarlett','Cox',5552345678,'1995-08-19');
INSERT INTO Customer (CustomerID,Customer_Name,Customer_LastName,Customer_PhoneNumber,Customer_DateOfBirth) VALUES (23,'Carter','Hayes',5553456789,'1988-02-10');
INSERT INTO Customer (CustomerID,Customer_Name,Customer_LastName,Customer_PhoneNumber,Customer_DateOfBirth) VALUES (24,'Riley','Gray',5554567890,'1993-10-23');
INSERT INTO Customer (CustomerID,Customer_Name,Customer_LastName,Customer_PhoneNumber,Customer_DateOfBirth) VALUES (25,'Emma','Collins',5555678901,'1984-04-15');
INSERT INTO Customer (CustomerID,Customer_Name,Customer_LastName,Customer_PhoneNumber,Customer_DateOfBirth) VALUES (26,'Sebastian','Murphy',5556789012,'1990-01-06');
INSERT INTO Customer (CustomerID,Customer_Name,Customer_LastName,Customer_PhoneNumber,Customer_DateOfBirth) VALUES (27,'Lily','Howard',5557890123,'1997-06-29');
INSERT INTO Customer (CustomerID,Customer_Name,Customer_LastName,Customer_PhoneNumber,Customer_DateOfBirth) VALUES (28,'Wyatt','Baker',5558901234,'1981-09-21');
INSERT INTO Customer (CustomerID,Customer_Name,Customer_LastName,Customer_PhoneNumber,Customer_DateOfBirth) VALUES (29,'Zoe','Stewart',5559012345,'1986-07-04');
INSERT INTO Customer (CustomerID,Customer_Name,Customer_LastName,Customer_PhoneNumber,Customer_DateOfBirth) VALUES (30,'Samuel','Bailey',5550123456,'1992-12-17');
INSERT INTO Customer (CustomerID,Customer_Name,Customer_LastName,Customer_PhoneNumber,Customer_DateOfBirth) VALUES (31,'Layla','Fisher',5551234567,'1989-03-30');
INSERT INTO Customer (CustomerID,Customer_Name,Customer_LastName,Customer_PhoneNumber,Customer_DateOfBirth) VALUES (32,'Daniel','Kelly',5552345678,'1983-10-12');
INSERT INTO Customer (CustomerID,Customer_Name,Customer_LastName,Customer_PhoneNumber,Customer_DateOfBirth) VALUES (33,'Natalie','Bryant',5553456789,'1996-05-04');
INSERT INTO Customer (CustomerID,Customer_Name,Customer_LastName,Customer_PhoneNumber,Customer_DateOfBirth) VALUES (34,'Owen','Coleman',5554567890,'1984-08-26');
INSERT INTO Customer (CustomerID,Customer_Name,Customer_LastName,Customer_PhoneNumber,Customer_DateOfBirth) VALUES (35,'Addison','Bell',5555678901,'1991-01-19');
INSERT INTO Customer (CustomerID,Customer_Name,Customer_LastName,Customer_PhoneNumber,Customer_DateOfBirth) VALUES (36,'Leo','Fox',5556789012,'1988-06-10');
INSERT INTO Customer (CustomerID,Customer_Name,Customer_LastName,Customer_PhoneNumber,Customer_DateOfBirth) VALUES (37,'Brooklyn','Murphy',5557890123,'1993-02-02');
INSERT INTO Customer (CustomerID,Customer_Name,Customer_LastName,Customer_PhoneNumber,Customer_DateOfBirth) VALUES (38,'Jack','Bennett',5558901234,'1980-07-25');
INSERT INTO Customer (CustomerID,Customer_Name,Customer_LastName,Customer_PhoneNumber,Customer_DateOfBirth) VALUES (39,'Lily','Young',5559012345,'1998-11-08');
INSERT INTO Customer (CustomerID,Customer_Name,Customer_LastName,Customer_PhoneNumber,Customer_DateOfBirth) VALUES (40,'Caleb','Sanders',5550123456,'1987-04-01');
INSERT INTO Customer (CustomerID,Customer_Name,Customer_LastName,Customer_PhoneNumber,Customer_DateOfBirth) VALUES (41,'Eleanor','Wright',5551234567,'1992-09-14');
INSERT INTO Customer (CustomerID,Customer_Name,Customer_LastName,Customer_PhoneNumber,Customer_DateOfBirth) VALUES (42,'Isaiah','King',5552345678,'1985-12-27');
INSERT INTO Customer (CustomerID,Customer_Name,Customer_LastName,Customer_PhoneNumber,Customer_DateOfBirth) VALUES (43,'Hannah','Adams',5553456789,'1990-05-20');
INSERT INTO Customer (CustomerID,Customer_Name,Customer_LastName,Customer_PhoneNumber,Customer_DateOfBirth) VALUES (44,'Benjamin','Jenkins',5554567890,'1983-10-03');
INSERT INTO Customer (CustomerID,Customer_Name,Customer_LastName,Customer_PhoneNumber,Customer_DateOfBirth) VALUES (45,'Lucy','Watson',5555678901,'1995-04-26');
INSERT INTO Customer (CustomerID,Customer_Name,Customer_LastName,Customer_PhoneNumber,Customer_DateOfBirth) VALUES (46,'Oliver','Rodriguez',5556789012,'1986-11-09');
INSERT INTO Customer (CustomerID,Customer_Name,Customer_LastName,Customer_PhoneNumber,Customer_DateOfBirth) VALUES (47,'Grace','Miller',5557890123,'1991-03-03');
INSERT INTO Customer (CustomerID,Customer_Name,Customer_LastName,Customer_PhoneNumber,Customer_DateOfBirth) VALUES (48,'Lincoln','Turner',5558901234,'1980-08-16');
INSERT INTO Customer (CustomerID,Customer_Name,Customer_LastName,Customer_PhoneNumber,Customer_DateOfBirth) VALUES (49,'Aurora','Lewis',5559012345,'1997-01-09');
INSERT INTO Customer (CustomerID,Customer_Name,Customer_LastName,Customer_PhoneNumber,Customer_DateOfBirth) VALUES (50,'Eli','Hill',5550123456,'1988-06-02');
INSERT INTO Customer (CustomerID,Customer_Name,Customer_LastName,Customer_PhoneNumber,Customer_DateOfBirth) VALUES (51,'Scarlett','Rivera',5551234567,'1993-02-15');
INSERT INTO Customer (CustomerID,Customer_Name,Customer_LastName,Customer_PhoneNumber,Customer_DateOfBirth) VALUES (52,'Noah','Perry',5552345678,'1984-07-08');
INSERT INTO Customer (CustomerID,Customer_Name,Customer_LastName,Customer_PhoneNumber,Customer_DateOfBirth) VALUES (53,'Paisley','Evans',5553456789,'1990-12-21');
INSERT INTO Customer (CustomerID,Customer_Name,Customer_LastName,Customer_PhoneNumber,Customer_DateOfBirth) VALUES (54,'James','Martinez',5554567890,'1987-05-14');
INSERT INTO Customer (CustomerID,Customer_Name,Customer_LastName,Customer_PhoneNumber,Customer_DateOfBirth) VALUES (55,'Stella','Russell',5555678901,'1995-09-06');
INSERT INTO Customer (CustomerID,Customer_Name,Customer_LastName,Customer_PhoneNumber,Customer_DateOfBirth) VALUES (56,'Mason','Fisher',5556789012,'1982-12-29');
INSERT INTO Customer (CustomerID,Customer_Name,Customer_LastName,Customer_PhoneNumber,Customer_DateOfBirth) VALUES (57,'Lily','Simmons',5557890123,'1998-04-21');
INSERT INTO Customer (CustomerID,Customer_Name,Customer_LastName,Customer_PhoneNumber,Customer_DateOfBirth) VALUES (58,'Logan','Jenkins',5558901234,'1981-09-13');
INSERT INTO Customer (CustomerID,Customer_Name,Customer_LastName,Customer_PhoneNumber,Customer_DateOfBirth) VALUES (59,'Leah','Hill',5559012345,'1989-02-06');
INSERT INTO Customer (CustomerID,Customer_Name,Customer_LastName,Customer_PhoneNumber,Customer_DateOfBirth) VALUES (60,'Ethan','Ward',5550123456,'1994-07-19');
INSERT INTO Customer (CustomerID,Customer_Name,Customer_LastName,Customer_PhoneNumber,Customer_DateOfBirth) VALUES (61,'Penelope','Coleman',5551234567,'1983-04-11');
INSERT INTO Customer (CustomerID,Customer_Name,Customer_LastName,Customer_PhoneNumber,Customer_DateOfBirth) VALUES (62,'William','Cook',5552345678,'1999-10-14');
INSERT INTO Customer (CustomerID,Customer_Name,Customer_LastName,Customer_PhoneNumber,Customer_DateOfBirth) VALUES (63,'Zoey','Richardson',5553456789,'1986-01-27');
INSERT INTO Customer (CustomerID,Customer_Name,Customer_LastName,Customer_PhoneNumber,Customer_DateOfBirth) VALUES (64,'Elijah','Davis',5554567890,'1991-06-20');
INSERT INTO Customer (CustomerID,Customer_Name,Customer_LastName,Customer_PhoneNumber,Customer_DateOfBirth) VALUES (65,'Abigail','Turner',5555678901,'1984-03-03');
INSERT INTO Customer (CustomerID,Customer_Name,Customer_LastName,Customer_PhoneNumber,Customer_DateOfBirth) VALUES (66,'Jackson','Carter',5556789012,'1997-08-25');
INSERT INTO Customer (CustomerID,Customer_Name,Customer_LastName,Customer_PhoneNumber,Customer_DateOfBirth) VALUES (67,'Harper','Foster',5557890123,'1980-12-18');
INSERT INTO Customer (CustomerID,Customer_Name,Customer_LastName,Customer_PhoneNumber,Customer_DateOfBirth) VALUES (68,'Aiden','Powell',5558901234,'1988-05-11');
INSERT INTO Customer (CustomerID,Customer_Name,Customer_LastName,Customer_PhoneNumber,Customer_DateOfBirth) VALUES (69,'Ava','Reed',5559012345,'1993-02-02');
INSERT INTO Customer (CustomerID,Customer_Name,Customer_LastName,Customer_PhoneNumber,Customer_DateOfBirth) VALUES (70,'Caleb','Murphy',5550123456,'1981-07-15');
INSERT INTO Customer (CustomerID,Customer_Name,Customer_LastName,Customer_PhoneNumber,Customer_DateOfBirth) VALUES (71,'Scarlett','Turner',5551234567,'1996-10-08');
INSERT INTO Customer (CustomerID,Customer_Name,Customer_LastName,Customer_PhoneNumber,Customer_DateOfBirth) VALUES (72,'Grayson','Perry',5552345678,'1985-03-01');
INSERT INTO Customer (CustomerID,Customer_Name,Customer_LastName,Customer_PhoneNumber,Customer_DateOfBirth) VALUES (73,'Chloe','Stewart',5553456789,'1990-11-24');
INSERT INTO Customer (CustomerID,Customer_Name,Customer_LastName,Customer_PhoneNumber,Customer_DateOfBirth) VALUES (74,'Oliver','Simmons',5554567890,'1983-06-17');
INSERT INTO Customer (CustomerID,Customer_Name,Customer_LastName,Customer_PhoneNumber,Customer_DateOfBirth) VALUES (75,'Amelia','Richardson',5555678901,'1995-09-09');
INSERT INTO Customer (CustomerID,Customer_Name,Customer_LastName,Customer_PhoneNumber,Customer_DateOfBirth) VALUES (76,'Wyatt','Evans',5556789012,'1982-02-01');
INSERT INTO Customer (CustomerID,Customer_Name,Customer_LastName,Customer_PhoneNumber,Customer_DateOfBirth) VALUES (77,'Mia','Watson',5557890123,'1997-04-24');
INSERT INTO Customer (CustomerID,Customer_Name,Customer_LastName,Customer_PhoneNumber,Customer_DateOfBirth) VALUES (78,'James','Hall',5558901234,'1980-09-16');
INSERT INTO Customer (CustomerID,Customer_Name,Customer_LastName,Customer_PhoneNumber,Customer_DateOfBirth) VALUES (79,'Emma','Murphy',5559012345,'1989-01-09');
INSERT INTO Customer (CustomerID,Customer_Name,Customer_LastName,Customer_PhoneNumber,Customer_DateOfBirth) VALUES (80,'Noah','Foster',5550123456,'1994-06-02');
INSERT INTO Customer (CustomerID,Customer_Name,Customer_LastName,Customer_PhoneNumber,Customer_DateOfBirth) VALUES (81,'Sophia','Jenkins',5551234567,'1983-11-15');
INSERT INTO Customer (CustomerID,Customer_Name,Customer_LastName,Customer_PhoneNumber,Customer_DateOfBirth) VALUES (82,'Jackson','Hill',5552345678,'1998-04-08');
INSERT INTO Customer (CustomerID,Customer_Name,Customer_LastName,Customer_PhoneNumber,Customer_DateOfBirth) VALUES (83,'Olivia','Turner',5553456789,'1981-09-30');
INSERT INTO Customer (CustomerID,Customer_Name,Customer_LastName,Customer_PhoneNumber,Customer_DateOfBirth) VALUES (84,'Liam','Perry',5554567890,'1996-02-22');
INSERT INTO Customer (CustomerID,Customer_Name,Customer_LastName,Customer_PhoneNumber,Customer_DateOfBirth) VALUES (85,'Ava','Foster',5555678901,'1985-07-15');
INSERT INTO Customer (CustomerID,Customer_Name,Customer_LastName,Customer_PhoneNumber,Customer_DateOfBirth) VALUES (86,'Carter','Wright',5556789012,'1990-12-07');
INSERT INTO Customer (CustomerID,Customer_Name,Customer_LastName,Customer_PhoneNumber,Customer_DateOfBirth) VALUES (87,'Isabella','Brown',5557890123,'1982-05-31');
INSERT INTO Customer (CustomerID,Customer_Name,Customer_LastName,Customer_PhoneNumber,Customer_DateOfBirth) VALUES (88,'Elijah','Moore',5558901234,'1995-10-24');
INSERT INTO Customer (CustomerID,Customer_Name,Customer_LastName,Customer_PhoneNumber,Customer_DateOfBirth) VALUES (89,'Harper','Davis',5559012345,'1988-03-17');
INSERT INTO Customer (CustomerID,Customer_Name,Customer_LastName,Customer_PhoneNumber,Customer_DateOfBirth) VALUES (90,'Benjamin','Wilson',5550123456,'1993-08-09');
INSERT INTO Customer (CustomerID,Customer_Name,Customer_LastName,Customer_PhoneNumber,Customer_DateOfBirth) VALUES (91,'Chloe','Thompson',5551234567,'1984-01-02');
INSERT INTO Customer (CustomerID,Customer_Name,Customer_LastName,Customer_PhoneNumber,Customer_DateOfBirth) VALUES (92,'Henry','Smith',5552345678,'1989-06-25');
INSERT INTO Customer (CustomerID,Customer_Name,Customer_LastName,Customer_PhoneNumber,Customer_DateOfBirth) VALUES (93,'Scarlett','Turner',5553456789,'1994-11-18');
INSERT INTO Customer (CustomerID,Customer_Name,Customer_LastName,Customer_PhoneNumber,Customer_DateOfBirth) VALUES (94,'Carter','Hill',5554567890,'1981-04-11');
INSERT INTO Customer (CustomerID,Customer_Name,Customer_LastName,Customer_PhoneNumber,Customer_DateOfBirth) VALUES (95,'Amelia','Foster',5555678901,'1996-09-04');
INSERT INTO Customer (CustomerID,Customer_Name,Customer_LastName,Customer_PhoneNumber,Customer_DateOfBirth) VALUES (96,'Liam','Lewis',5556789012,'1983-02-26');
INSERT INTO Customer (CustomerID,Customer_Name,Customer_LastName,Customer_PhoneNumber,Customer_DateOfBirth) VALUES (97,'Olivia','Bell',5557890123,'1998-07-19');
INSERT INTO Customer (CustomerID,Customer_Name,Customer_LastName,Customer_PhoneNumber,Customer_DateOfBirth) VALUES (98,'Mason','Turner',5558901234,'1987-12-12');
INSERT INTO Customer (CustomerID,Customer_Name,Customer_LastName,Customer_PhoneNumber,Customer_DateOfBirth) VALUES (99,'Zoe','Ward',5559012345,'1992-05-05');
INSERT INTO Customer (CustomerID,Customer_Name,Customer_LastName,Customer_PhoneNumber,Customer_DateOfBirth) VALUES (100,'Noah','Simmons',5550123456,'1986-10-28');


INSERT INTO Inventory (Model,Stock) VALUES ('Iphone 12',500);
INSERT INTO Inventory (Model,Stock) VALUES ('Iphone 12 Pro',500);
INSERT INTO Inventory (Model,Stock) VALUES ('Iphone 13',500);
INSERT INTO Inventory (Model,Stock) VALUES ('Iphone 13 Pro',500);
INSERT INTO Inventory (Model,Stock) VALUES ('Iphone 14',500);
INSERT INTO Inventory (Model,Stock) VALUES ('Iphone 14 Pro',500);
INSERT INTO Inventory (Model,Stock) VALUES ('Iphone 15',500);
INSERT INTO Inventory (Model,Stock) VALUES ('Iphone 15 Pro',500);
INSERT INTO Inventory (Model,Stock) VALUES ('Galaxy S21',500);
INSERT INTO Inventory (Model,Stock) VALUES ('Galaxy S21 Ultra',500);
INSERT INTO Inventory (Model,Stock) VALUES ('Galaxy Note 20 Ultra',500);
INSERT INTO Inventory (Model,Stock) VALUES ('Galaxy Z Fold 3',500);
INSERT INTO Inventory (Model,Stock) VALUES ('Huawei P40 Pro',500);
INSERT INTO Inventory (Model,Stock) VALUES ('Huawei Mate 40 Pro',500);
INSERT INTO Inventory (Model,Stock) VALUES ('Huawei Mate Xs',500);
INSERT INTO Inventory (Model,Stock) VALUES ('Xiaomi Mi 11 Lite',500);
INSERT INTO Inventory (Model,Stock) VALUES ('Xiaomi Mi 11 Lite 5G',500);
INSERT INTO Inventory (Model,Stock) VALUES ('Xiaomi Mi 10',500);
INSERT INTO Inventory (Model,Stock) VALUES ('Xiaomi Mi 105G',500);
INSERT INTO Inventory (Model,Stock) VALUES ('Xiaomi Mi 115G',500);
INSERT INTO Inventory (Model,Stock) VALUES ('Redmi Note 10 Pro',500);
INSERT INTO Inventory (Model,Stock) VALUES ('POCO F3',500);
INSERT INTO Inventory (Model,Stock) VALUES ('OPPO Find X3 Pro',500);
INSERT INTO Inventory (Model,Stock) VALUES ('Vivo X60 Pro',500);
INSERT INTO Inventory (Model,Stock) VALUES ('Realme GT',500);
INSERT INTO Inventory (Model,Stock) VALUES ('One Plus 9',500);
INSERT INTO Inventory (Model,Stock) VALUES ('ZTE Axon 30 Ultra',500);
INSERT INTO Inventory (Model,Stock) VALUES ('Asus Zenfone 8',500);
INSERT INTO Inventory (Model,Stock) VALUES ('Lenovo Legion Phone Duel 6',500);
INSERT INTO Inventory (Model,Stock) VALUES ('Xperia 1 III',500);
INSERT INTO Inventory (Model,Stock) VALUES ('Alcatel 3X',500);


INSERT INTO Payment_plan (PaymentPlanID,PlanType,PaymentCycle) VALUES ('DD','Direct',1);
INSERT INTO Payment_plan (PaymentPlanID,PlanType,PaymentCycle) VALUES ('MM','Monthly',3);
INSERT INTO Payment_plan (PaymentPlanID,PlanType,PaymentCycle) VALUES ('QQ','Quarterly',6);
INSERT INTO Payment_plan (PaymentPlanID,PlanType,PaymentCycle) VALUES ('YY','Yearly',12);


INSERT INTO Salesman (SalesmanID,Name,LastName,ContactNumber) VALUES ('S1001','John','Smith',5551234567);
INSERT INTO Salesman (SalesmanID,Name,LastName,ContactNumber) VALUES ('S1002','Emily','Johnson',5552345678);
INSERT INTO Salesman (SalesmanID,Name,LastName,ContactNumber) VALUES ('S1003','Michael','Davis',5553456789);
INSERT INTO Salesman (SalesmanID,Name,LastName,ContactNumber) VALUES ('S1004','Sophie','Wilson',5554567890);
INSERT INTO Salesman (SalesmanID,Name,LastName,ContactNumber) VALUES ('S1005','David','Miller',5555678901);


INSERT INTO Phone (PhoneID,PhoneBrand,SupplierID) VALUES ('PN1','iPhone','APPLE001');
INSERT INTO Phone (PhoneID,PhoneBrand,SupplierID) VALUES ('PN2','iPhone','APPLE001');
INSERT INTO Phone (PhoneID,PhoneBrand,SupplierID) VALUES ('PN3','iPhone','APPLE001');
INSERT INTO Phone (PhoneID,PhoneBrand,SupplierID) VALUES ('PN4','iPhone','APPLE001');
INSERT INTO Phone (PhoneID,PhoneBrand,SupplierID) VALUES ('PN5','iPhone','APPLE001');
INSERT INTO Phone (PhoneID,PhoneBrand,SupplierID) VALUES ('PN6','iPhone','APPLE001');
INSERT INTO Phone (PhoneID,PhoneBrand,SupplierID) VALUES ('PN7','iPhone','APPLE001');
INSERT INTO Phone (PhoneID,PhoneBrand,SupplierID) VALUES ('PN8','iPhone','APPLE001');
INSERT INTO Phone (PhoneID,PhoneBrand,SupplierID) VALUES ('PN9','iPhone','APPLE001');
INSERT INTO Phone (PhoneID,PhoneBrand,SupplierID) VALUES ('PN10','iPhone','APPLE001');
INSERT INTO Phone (PhoneID,PhoneBrand,SupplierID) VALUES ('PN11','iPhone','APPLE001');
INSERT INTO Phone (PhoneID,PhoneBrand,SupplierID) VALUES ('PN12','iPhone','APPLE001');
INSERT INTO Phone (PhoneID,PhoneBrand,SupplierID) VALUES ('PN13','iPhone','APPLE001');
INSERT INTO Phone (PhoneID,PhoneBrand,SupplierID) VALUES ('PN14','iPhone','APPLE001');
INSERT INTO Phone (PhoneID,PhoneBrand,SupplierID) VALUES ('PN15','iPhone','APPLE001');
INSERT INTO Phone (PhoneID,PhoneBrand,SupplierID) VALUES ('PN16','iPhone','APPLE001');
INSERT INTO Phone (PhoneID,PhoneBrand,SupplierID) VALUES ('PN17','iPhone','APPLE001');
INSERT INTO Phone (PhoneID,PhoneBrand,SupplierID) VALUES ('PN18','iPhone','APPLE001');
INSERT INTO Phone (PhoneID,PhoneBrand,SupplierID) VALUES ('PN19','iPhone','APPLE001');
INSERT INTO Phone (PhoneID,PhoneBrand,SupplierID) VALUES ('PN20','iPhone','APPLE001');
INSERT INTO Phone (PhoneID,PhoneBrand,SupplierID) VALUES ('PN21','iPhone','APPLE001');
INSERT INTO Phone (PhoneID,PhoneBrand,SupplierID) VALUES ('PN22','iPhone','APPLE001');
INSERT INTO Phone (PhoneID,PhoneBrand,SupplierID) VALUES ('PN23','iPhone','APPLE001');
INSERT INTO Phone (PhoneID,PhoneBrand,SupplierID) VALUES ('PN24','iPhone','APPLE001');
INSERT INTO Phone (PhoneID,PhoneBrand,SupplierID) VALUES ('PN25','iPhone','APPLE001');
INSERT INTO Phone (PhoneID,PhoneBrand,SupplierID) VALUES ('PN26','iPhone','APPLE001');
INSERT INTO Phone (PhoneID,PhoneBrand,SupplierID) VALUES ('PN27','iPhone','APPLE001');
INSERT INTO Phone (PhoneID,PhoneBrand,SupplierID) VALUES ('PN28','iPhone','APPLE001');
INSERT INTO Phone (PhoneID,PhoneBrand,SupplierID) VALUES ('PN29','iPhone','APPLE001');
INSERT INTO Phone (PhoneID,PhoneBrand,SupplierID) VALUES ('PN30','iPhone','APPLE001');
INSERT INTO Phone (PhoneID,PhoneBrand,SupplierID) VALUES ('PN31','Galaxy','SAMSUNG002');
INSERT INTO Phone (PhoneID,PhoneBrand,SupplierID) VALUES ('PN32','Galaxy','SAMSUNG002');
INSERT INTO Phone (PhoneID,PhoneBrand,SupplierID) VALUES ('PN33','Galaxy','SAMSUNG002');
INSERT INTO Phone (PhoneID,PhoneBrand,SupplierID) VALUES ('PN34','Galaxy','SAMSUNG002');
INSERT INTO Phone (PhoneID,PhoneBrand,SupplierID) VALUES ('PN35','Galaxy','SAMSUNG002');
INSERT INTO Phone (PhoneID,PhoneBrand,SupplierID) VALUES ('PN36','Galaxy','SAMSUNG002');
INSERT INTO Phone (PhoneID,PhoneBrand,SupplierID) VALUES ('PN37','Galaxy','SAMSUNG002');
INSERT INTO Phone (PhoneID,PhoneBrand,SupplierID) VALUES ('PN38','Galaxy','SAMSUNG002');
INSERT INTO Phone (PhoneID,PhoneBrand,SupplierID) VALUES ('PN39','Galaxy','SAMSUNG002');
INSERT INTO Phone (PhoneID,PhoneBrand,SupplierID) VALUES ('PN40','Galaxy','SAMSUNG002');
INSERT INTO Phone (PhoneID,PhoneBrand,SupplierID) VALUES ('PN41','Galaxy','SAMSUNG002');
INSERT INTO Phone (PhoneID,PhoneBrand,SupplierID) VALUES ('PN42','Galaxy','SAMSUNG002');
INSERT INTO Phone (PhoneID,PhoneBrand,SupplierID) VALUES ('PN43','Galaxy','SAMSUNG002');
INSERT INTO Phone (PhoneID,PhoneBrand,SupplierID) VALUES ('PN44','Galaxy','SAMSUNG002');
INSERT INTO Phone (PhoneID,PhoneBrand,SupplierID) VALUES ('PN45','Galaxy','SAMSUNG002');
INSERT INTO Phone (PhoneID,PhoneBrand,SupplierID) VALUES ('PN46','Galaxy','SAMSUNG002');
INSERT INTO Phone (PhoneID,PhoneBrand,SupplierID) VALUES ('PN47','Galaxy','SAMSUNG002');
INSERT INTO Phone (PhoneID,PhoneBrand,SupplierID) VALUES ('PN48','Galaxy','SAMSUNG002');
INSERT INTO Phone (PhoneID,PhoneBrand,SupplierID) VALUES ('PN49','Galaxy','SAMSUNG002');
INSERT INTO Phone (PhoneID,PhoneBrand,SupplierID) VALUES ('PN50','Galaxy','SAMSUNG002');
INSERT INTO Phone (PhoneID,PhoneBrand,SupplierID) VALUES ('PN51','Galaxy','SAMSUNG002');
INSERT INTO Phone (PhoneID,PhoneBrand,SupplierID) VALUES ('PN52','Galaxy','SAMSUNG002');
INSERT INTO Phone (PhoneID,PhoneBrand,SupplierID) VALUES ('PN53','Galaxy','SAMSUNG002');
INSERT INTO Phone (PhoneID,PhoneBrand,SupplierID) VALUES ('PN54','Galaxy','SAMSUNG002');
INSERT INTO Phone (PhoneID,PhoneBrand,SupplierID) VALUES ('PN55','Galaxy','SAMSUNG002');
INSERT INTO Phone (PhoneID,PhoneBrand,SupplierID) VALUES ('PN56','Huawei','HUAWEI003');
INSERT INTO Phone (PhoneID,PhoneBrand,SupplierID) VALUES ('PN57','Huawei','HUAWEI003');
INSERT INTO Phone (PhoneID,PhoneBrand,SupplierID) VALUES ('PN58','Huawei','HUAWEI003');
INSERT INTO Phone (PhoneID,PhoneBrand,SupplierID) VALUES ('PN59','Huawei','HUAWEI003');
INSERT INTO Phone (PhoneID,PhoneBrand,SupplierID) VALUES ('PN60','Huawei','HUAWEI003');
INSERT INTO Phone (PhoneID,PhoneBrand,SupplierID) VALUES ('PN61','Huawei','HUAWEI003');
INSERT INTO Phone (PhoneID,PhoneBrand,SupplierID) VALUES ('PN62','Huawei','HUAWEI003');
INSERT INTO Phone (PhoneID,PhoneBrand,SupplierID) VALUES ('PN63','Huawei','HUAWEI003');
INSERT INTO Phone (PhoneID,PhoneBrand,SupplierID) VALUES ('PN64','Huawei','HUAWEI003');
INSERT INTO Phone (PhoneID,PhoneBrand,SupplierID) VALUES ('PN65','Huawei','HUAWEI003');
INSERT INTO Phone (PhoneID,PhoneBrand,SupplierID) VALUES ('PN66','Huawei','HUAWEI003');
INSERT INTO Phone (PhoneID,PhoneBrand,SupplierID) VALUES ('PN67','Huawei','HUAWEI003');
INSERT INTO Phone (PhoneID,PhoneBrand,SupplierID) VALUES ('PN68','Huawei','HUAWEI003');
INSERT INTO Phone (PhoneID,PhoneBrand,SupplierID) VALUES ('PN69','Huawei','HUAWEI003');
INSERT INTO Phone (PhoneID,PhoneBrand,SupplierID) VALUES ('PN70','Huawei','HUAWEI003');
INSERT INTO Phone (PhoneID,PhoneBrand,SupplierID) VALUES ('PN71','Mi','XIAOMI004');
INSERT INTO Phone (PhoneID,PhoneBrand,SupplierID) VALUES ('PN72','Mi','XIAOMI004');
INSERT INTO Phone (PhoneID,PhoneBrand,SupplierID) VALUES ('PN73','Mi','XIAOMI004');
INSERT INTO Phone (PhoneID,PhoneBrand,SupplierID) VALUES ('PN74','Mi','XIAOMI004');
INSERT INTO Phone (PhoneID,PhoneBrand,SupplierID) VALUES ('PN75','Mi','XIAOMI004');
INSERT INTO Phone (PhoneID,PhoneBrand,SupplierID) VALUES ('PN76','Mi','XIAOMI004');
INSERT INTO Phone (PhoneID,PhoneBrand,SupplierID) VALUES ('PN77','Mi','XIAOMI004');
INSERT INTO Phone (PhoneID,PhoneBrand,SupplierID) VALUES ('PN78','Mi','XIAOMI004');
INSERT INTO Phone (PhoneID,PhoneBrand,SupplierID) VALUES ('PN79','Mi','XIAOMI004');
INSERT INTO Phone (PhoneID,PhoneBrand,SupplierID) VALUES ('PN80','Mi','XIAOMI004');
INSERT INTO Phone (PhoneID,PhoneBrand,SupplierID) VALUES ('PN81','Mi','XIAOMI004');
INSERT INTO Phone (PhoneID,PhoneBrand,SupplierID) VALUES ('PN82','Mi','XIAOMI004');
INSERT INTO Phone (PhoneID,PhoneBrand,SupplierID) VALUES ('PN83','Mi','XIAOMI004');
INSERT INTO Phone (PhoneID,PhoneBrand,SupplierID) VALUES ('PN84','Mi','XIAOMI004');
INSERT INTO Phone (PhoneID,PhoneBrand,SupplierID) VALUES ('PN85','Mi','XIAOMI004');
INSERT INTO Phone (PhoneID,PhoneBrand,SupplierID) VALUES ('PN86','Mi','XIAOMI004');
INSERT INTO Phone (PhoneID,PhoneBrand,SupplierID) VALUES ('PN87','Mi','XIAOMI004');
INSERT INTO Phone (PhoneID,PhoneBrand,SupplierID) VALUES ('PN88','Mi','XIAOMI004');
INSERT INTO Phone (PhoneID,PhoneBrand,SupplierID) VALUES ('PN89','Mi','XIAOMI004');
INSERT INTO Phone (PhoneID,PhoneBrand,SupplierID) VALUES ('PN90','Mi','XIAOMI004');
INSERT INTO Phone (PhoneID,PhoneBrand,SupplierID) VALUES ('PN91','Mi','XIAOMI004');
INSERT INTO Phone (PhoneID,PhoneBrand,SupplierID) VALUES ('PN92','Mi','XIAOMI004');
INSERT INTO Phone (PhoneID,PhoneBrand,SupplierID) VALUES ('PN93','Mi','XIAOMI004');
INSERT INTO Phone (PhoneID,PhoneBrand,SupplierID) VALUES ('PN94','Mi','XIAOMI004');
INSERT INTO Phone (PhoneID,PhoneBrand,SupplierID) VALUES ('PN95','Mi','XIAOMI004');
INSERT INTO Phone (PhoneID,PhoneBrand,SupplierID) VALUES ('PN96','Redmi','XIAOMI004');
INSERT INTO Phone (PhoneID,PhoneBrand,SupplierID) VALUES ('PN97','Redmi','XIAOMI004');
INSERT INTO Phone (PhoneID,PhoneBrand,SupplierID) VALUES ('PN98','Redmi','XIAOMI004');
INSERT INTO Phone (PhoneID,PhoneBrand,SupplierID) VALUES ('PN99','Redmi','XIAOMI004');
INSERT INTO Phone (PhoneID,PhoneBrand,SupplierID) VALUES ('PN100','Redmi','XIAOMI004');
INSERT INTO Phone (PhoneID,PhoneBrand,SupplierID) VALUES ('PN101','POCO','XIAOMI004');
INSERT INTO Phone (PhoneID,PhoneBrand,SupplierID) VALUES ('PN102','POCO','XIAOMI004');
INSERT INTO Phone (PhoneID,PhoneBrand,SupplierID) VALUES ('PN103','POCO','XIAOMI004');
INSERT INTO Phone (PhoneID,PhoneBrand,SupplierID) VALUES ('PN104','POCO','XIAOMI004');
INSERT INTO Phone (PhoneID,PhoneBrand,SupplierID) VALUES ('PN105','POCO','XIAOMI004');
INSERT INTO Phone (PhoneID,PhoneBrand,SupplierID) VALUES ('PN106','Oppo','BBK005');
INSERT INTO Phone (PhoneID,PhoneBrand,SupplierID) VALUES ('PN107','Oppo','BBK005');
INSERT INTO Phone (PhoneID,PhoneBrand,SupplierID) VALUES ('PN108','Oppo','BBK005');
INSERT INTO Phone (PhoneID,PhoneBrand,SupplierID) VALUES ('PN109','Oppo','BBK005');
INSERT INTO Phone (PhoneID,PhoneBrand,SupplierID) VALUES ('PN110','Oppo','BBK005');
INSERT INTO Phone (PhoneID,PhoneBrand,SupplierID) VALUES ('PN111','Vivo','BBK005');
INSERT INTO Phone (PhoneID,PhoneBrand,SupplierID) VALUES ('PN112','Vivo','BBK005');
INSERT INTO Phone (PhoneID,PhoneBrand,SupplierID) VALUES ('PN113','Vivo','BBK005');
INSERT INTO Phone (PhoneID,PhoneBrand,SupplierID) VALUES ('PN114','Vivo','BBK005');
INSERT INTO Phone (PhoneID,PhoneBrand,SupplierID) VALUES ('PN115','Vivo','BBK005');
INSERT INTO Phone (PhoneID,PhoneBrand,SupplierID) VALUES ('PN116','Realme','BBK005');
INSERT INTO Phone (PhoneID,PhoneBrand,SupplierID) VALUES ('PN117','Realme','BBK005');
INSERT INTO Phone (PhoneID,PhoneBrand,SupplierID) VALUES ('PN118','Realme','BBK005');
INSERT INTO Phone (PhoneID,PhoneBrand,SupplierID) VALUES ('PN119','Realme','BBK005');
INSERT INTO Phone (PhoneID,PhoneBrand,SupplierID) VALUES ('PN120','Realme','BBK005');
INSERT INTO Phone (PhoneID,PhoneBrand,SupplierID) VALUES ('PN121','OnePlus','BBK005');
INSERT INTO Phone (PhoneID,PhoneBrand,SupplierID) VALUES ('PN122','OnePlus','BBK005');
INSERT INTO Phone (PhoneID,PhoneBrand,SupplierID) VALUES ('PN123','OnePlus','BBK005');
INSERT INTO Phone (PhoneID,PhoneBrand,SupplierID) VALUES ('PN124','OnePlus','BBK005');
INSERT INTO Phone (PhoneID,PhoneBrand,SupplierID) VALUES ('PN125','OnePlus','BBK005');
INSERT INTO Phone (PhoneID,PhoneBrand,SupplierID) VALUES ('PN126','Axon','ZTE007');
INSERT INTO Phone (PhoneID,PhoneBrand,SupplierID) VALUES ('PN127','Axon','ZTE007');
INSERT INTO Phone (PhoneID,PhoneBrand,SupplierID) VALUES ('PN128','Axon','ZTE007');
INSERT INTO Phone (PhoneID,PhoneBrand,SupplierID) VALUES ('PN129','Axon','ZTE007');
INSERT INTO Phone (PhoneID,PhoneBrand,SupplierID) VALUES ('PN130','Axon','ZTE007');
INSERT INTO Phone (PhoneID,PhoneBrand,SupplierID) VALUES ('PN131','ZenFone','ASUS008');
INSERT INTO Phone (PhoneID,PhoneBrand,SupplierID) VALUES ('PN132','ZenFone','ASUS008');
INSERT INTO Phone (PhoneID,PhoneBrand,SupplierID) VALUES ('PN133','ZenFone','ASUS008');
INSERT INTO Phone (PhoneID,PhoneBrand,SupplierID) VALUES ('PN134','ZenFone','ASUS008');
INSERT INTO Phone (PhoneID,PhoneBrand,SupplierID) VALUES ('PN135','ZenFone','ASUS008');
INSERT INTO Phone (PhoneID,PhoneBrand,SupplierID) VALUES ('PN136','Lenovo','LENOVO009');
INSERT INTO Phone (PhoneID,PhoneBrand,SupplierID) VALUES ('PN137','Lenovo','LENOVO009');
INSERT INTO Phone (PhoneID,PhoneBrand,SupplierID) VALUES ('PN138','Lenovo','LENOVO009');
INSERT INTO Phone (PhoneID,PhoneBrand,SupplierID) VALUES ('PN139','Lenovo','LENOVO009');
INSERT INTO Phone (PhoneID,PhoneBrand,SupplierID) VALUES ('PN140','Lenovo','LENOVO009');
INSERT INTO Phone (PhoneID,PhoneBrand,SupplierID) VALUES ('PN141','Xperia','SONY010');
INSERT INTO Phone (PhoneID,PhoneBrand,SupplierID) VALUES ('PN142','Xperia','SONY010');
INSERT INTO Phone (PhoneID,PhoneBrand,SupplierID) VALUES ('PN143','Xperia','SONY010');
INSERT INTO Phone (PhoneID,PhoneBrand,SupplierID) VALUES ('PN144','Xperia','SONY010');
INSERT INTO Phone (PhoneID,PhoneBrand,SupplierID) VALUES ('PN145','Xperia','SONY010');
INSERT INTO Phone (PhoneID,PhoneBrand,SupplierID) VALUES ('PN146','Alcatel','TCL011');
INSERT INTO Phone (PhoneID,PhoneBrand,SupplierID) VALUES ('PN147','Alcatel','TCL011');
INSERT INTO Phone (PhoneID,PhoneBrand,SupplierID) VALUES ('PN148','Alcatel','TCL011');
INSERT INTO Phone (PhoneID,PhoneBrand,SupplierID) VALUES ('PN149','Alcatel','TCL011');
INSERT INTO Phone (PhoneID,PhoneBrand,SupplierID) VALUES ('PN150','Alcatel','TCL011');
INSERT INTO Phone (PhoneID,PhoneBrand,SupplierID) VALUES ('PN151','iPhone','APPLE001');
INSERT INTO Phone (PhoneID,PhoneBrand,SupplierID) VALUES ('PN152','iPhone','APPLE001');
INSERT INTO Phone (PhoneID,PhoneBrand,SupplierID) VALUES ('PN153','iPhone','APPLE001');
INSERT INTO Phone (PhoneID,PhoneBrand,SupplierID) VALUES ('PN154','iPhone','APPLE001');
INSERT INTO Phone (PhoneID,PhoneBrand,SupplierID) VALUES ('PN155','iPhone','APPLE001');
INSERT INTO Phone (PhoneID,PhoneBrand,SupplierID) VALUES ('PN156','iPhone','APPLE001');
INSERT INTO Phone (PhoneID,PhoneBrand,SupplierID) VALUES ('PN157','iPhone','APPLE001');
INSERT INTO Phone (PhoneID,PhoneBrand,SupplierID) VALUES ('PN158','iPhone','APPLE001');
INSERT INTO Phone (PhoneID,PhoneBrand,SupplierID) VALUES ('PN159','iPhone','APPLE001');
INSERT INTO Phone (PhoneID,PhoneBrand,SupplierID) VALUES ('PN160','iPhone','APPLE001');
INSERT INTO Phone (PhoneID,PhoneBrand,SupplierID) VALUES ('PN161','iPhone','APPLE001');
INSERT INTO Phone (PhoneID,PhoneBrand,SupplierID) VALUES ('PN162','iPhone','APPLE001');
INSERT INTO Phone (PhoneID,PhoneBrand,SupplierID) VALUES ('PN163','iPhone','APPLE001');
INSERT INTO Phone (PhoneID,PhoneBrand,SupplierID) VALUES ('PN164','iPhone','APPLE001');
INSERT INTO Phone (PhoneID,PhoneBrand,SupplierID) VALUES ('PN165','iPhone','APPLE001');
INSERT INTO Phone (PhoneID,PhoneBrand,SupplierID) VALUES ('PN166','iPhone','APPLE001');
INSERT INTO Phone (PhoneID,PhoneBrand,SupplierID) VALUES ('PN167','iPhone','APPLE001');
INSERT INTO Phone (PhoneID,PhoneBrand,SupplierID) VALUES ('PN168','iPhone','APPLE001');
INSERT INTO Phone (PhoneID,PhoneBrand,SupplierID) VALUES ('PN169','iPhone','APPLE001');
INSERT INTO Phone (PhoneID,PhoneBrand,SupplierID) VALUES ('PN170','iPhone','APPLE001');
INSERT INTO Phone (PhoneID,PhoneBrand,SupplierID) VALUES ('PN171','iPhone','APPLE001');
INSERT INTO Phone (PhoneID,PhoneBrand,SupplierID) VALUES ('PN172','iPhone','APPLE001');
INSERT INTO Phone (PhoneID,PhoneBrand,SupplierID) VALUES ('PN173','iPhone','APPLE001');
INSERT INTO Phone (PhoneID,PhoneBrand,SupplierID) VALUES ('PN174','iPhone','APPLE001');
INSERT INTO Phone (PhoneID,PhoneBrand,SupplierID) VALUES ('PN175','iPhone','APPLE001');
INSERT INTO Phone (PhoneID,PhoneBrand,SupplierID) VALUES ('PN176','iPhone','APPLE001');
INSERT INTO Phone (PhoneID,PhoneBrand,SupplierID) VALUES ('PN177','iPhone','APPLE001');
INSERT INTO Phone (PhoneID,PhoneBrand,SupplierID) VALUES ('PN178','iPhone','APPLE001');
INSERT INTO Phone (PhoneID,PhoneBrand,SupplierID) VALUES ('PN179','iPhone','APPLE001');
INSERT INTO Phone (PhoneID,PhoneBrand,SupplierID) VALUES ('PN180','iPhone','APPLE001');
INSERT INTO Phone (PhoneID,PhoneBrand,SupplierID) VALUES ('PN181','Galaxy','SAMSUNG002');
INSERT INTO Phone (PhoneID,PhoneBrand,SupplierID) VALUES ('PN182','Galaxy','SAMSUNG002');
INSERT INTO Phone (PhoneID,PhoneBrand,SupplierID) VALUES ('PN183','Galaxy','SAMSUNG002');
INSERT INTO Phone (PhoneID,PhoneBrand,SupplierID) VALUES ('PN184','Galaxy','SAMSUNG002');
INSERT INTO Phone (PhoneID,PhoneBrand,SupplierID) VALUES ('PN185','Galaxy','SAMSUNG002');
INSERT INTO Phone (PhoneID,PhoneBrand,SupplierID) VALUES ('PN186','Galaxy','SAMSUNG002');
INSERT INTO Phone (PhoneID,PhoneBrand,SupplierID) VALUES ('PN187','Galaxy','SAMSUNG002');
INSERT INTO Phone (PhoneID,PhoneBrand,SupplierID) VALUES ('PN188','Galaxy','SAMSUNG002');
INSERT INTO Phone (PhoneID,PhoneBrand,SupplierID) VALUES ('PN189','Galaxy','SAMSUNG002');
INSERT INTO Phone (PhoneID,PhoneBrand,SupplierID) VALUES ('PN190','Galaxy','SAMSUNG002');
INSERT INTO Phone (PhoneID,PhoneBrand,SupplierID) VALUES ('PN191','Galaxy','SAMSUNG002');
INSERT INTO Phone (PhoneID,PhoneBrand,SupplierID) VALUES ('PN192','Galaxy','SAMSUNG002');
INSERT INTO Phone (PhoneID,PhoneBrand,SupplierID) VALUES ('PN193','Galaxy','SAMSUNG002');
INSERT INTO Phone (PhoneID,PhoneBrand,SupplierID) VALUES ('PN194','Galaxy','SAMSUNG002');
INSERT INTO Phone (PhoneID,PhoneBrand,SupplierID) VALUES ('PN195','Galaxy','SAMSUNG002');
INSERT INTO Phone (PhoneID,PhoneBrand,SupplierID) VALUES ('PN196','Galaxy','SAMSUNG002');
INSERT INTO Phone (PhoneID,PhoneBrand,SupplierID) VALUES ('PN197','Galaxy','SAMSUNG002');
INSERT INTO Phone (PhoneID,PhoneBrand,SupplierID) VALUES ('PN198','Galaxy','SAMSUNG002');
INSERT INTO Phone (PhoneID,PhoneBrand,SupplierID) VALUES ('PN199','Galaxy','SAMSUNG002');
INSERT INTO Phone (PhoneID,PhoneBrand,SupplierID) VALUES ('PN200','Galaxy','SAMSUNG002');
INSERT INTO Phone (PhoneID,PhoneBrand,SupplierID) VALUES ('PN201','Galaxy','SAMSUNG002');
INSERT INTO Phone (PhoneID,PhoneBrand,SupplierID) VALUES ('PN202','Galaxy','SAMSUNG002');
INSERT INTO Phone (PhoneID,PhoneBrand,SupplierID) VALUES ('PN203','Galaxy','SAMSUNG002');
INSERT INTO Phone (PhoneID,PhoneBrand,SupplierID) VALUES ('PN204','Galaxy','SAMSUNG002');
INSERT INTO Phone (PhoneID,PhoneBrand,SupplierID) VALUES ('PN205','Galaxy','SAMSUNG002');
INSERT INTO Phone (PhoneID,PhoneBrand,SupplierID) VALUES ('PN206','Huawei','HUAWEI003');
INSERT INTO Phone (PhoneID,PhoneBrand,SupplierID) VALUES ('PN207','Huawei','HUAWEI003');
INSERT INTO Phone (PhoneID,PhoneBrand,SupplierID) VALUES ('PN208','Huawei','HUAWEI003');
INSERT INTO Phone (PhoneID,PhoneBrand,SupplierID) VALUES ('PN209','Huawei','HUAWEI003');
INSERT INTO Phone (PhoneID,PhoneBrand,SupplierID) VALUES ('PN210','Huawei','HUAWEI003');
INSERT INTO Phone (PhoneID,PhoneBrand,SupplierID) VALUES ('PN211','Huawei','HUAWEI003');
INSERT INTO Phone (PhoneID,PhoneBrand,SupplierID) VALUES ('PN212','Huawei','HUAWEI003');
INSERT INTO Phone (PhoneID,PhoneBrand,SupplierID) VALUES ('PN213','Huawei','HUAWEI003');
INSERT INTO Phone (PhoneID,PhoneBrand,SupplierID) VALUES ('PN214','Huawei','HUAWEI003');
INSERT INTO Phone (PhoneID,PhoneBrand,SupplierID) VALUES ('PN215','Huawei','HUAWEI003');
INSERT INTO Phone (PhoneID,PhoneBrand,SupplierID) VALUES ('PN216','Huawei','HUAWEI003');
INSERT INTO Phone (PhoneID,PhoneBrand,SupplierID) VALUES ('PN217','Huawei','HUAWEI003');
INSERT INTO Phone (PhoneID,PhoneBrand,SupplierID) VALUES ('PN218','Huawei','HUAWEI003');
INSERT INTO Phone (PhoneID,PhoneBrand,SupplierID) VALUES ('PN219','Huawei','HUAWEI003');
INSERT INTO Phone (PhoneID,PhoneBrand,SupplierID) VALUES ('PN220','Huawei','HUAWEI003');
INSERT INTO Phone (PhoneID,PhoneBrand,SupplierID) VALUES ('PN221','Mi','XIAOMI004');
INSERT INTO Phone (PhoneID,PhoneBrand,SupplierID) VALUES ('PN222','Mi','XIAOMI004');
INSERT INTO Phone (PhoneID,PhoneBrand,SupplierID) VALUES ('PN223','Mi','XIAOMI004');
INSERT INTO Phone (PhoneID,PhoneBrand,SupplierID) VALUES ('PN224','Mi','XIAOMI004');
INSERT INTO Phone (PhoneID,PhoneBrand,SupplierID) VALUES ('PN225','Mi','XIAOMI004');
INSERT INTO Phone (PhoneID,PhoneBrand,SupplierID) VALUES ('PN226','Mi','XIAOMI004');
INSERT INTO Phone (PhoneID,PhoneBrand,SupplierID) VALUES ('PN227','Mi','XIAOMI004');
INSERT INTO Phone (PhoneID,PhoneBrand,SupplierID) VALUES ('PN228','Mi','XIAOMI004');
INSERT INTO Phone (PhoneID,PhoneBrand,SupplierID) VALUES ('PN229','Mi','XIAOMI004');
INSERT INTO Phone (PhoneID,PhoneBrand,SupplierID) VALUES ('PN230','Mi','XIAOMI004');
INSERT INTO Phone (PhoneID,PhoneBrand,SupplierID) VALUES ('PN231','Mi','XIAOMI004');
INSERT INTO Phone (PhoneID,PhoneBrand,SupplierID) VALUES ('PN232','Mi','XIAOMI004');
INSERT INTO Phone (PhoneID,PhoneBrand,SupplierID) VALUES ('PN233','Mi','XIAOMI004');
INSERT INTO Phone (PhoneID,PhoneBrand,SupplierID) VALUES ('PN234','Mi','XIAOMI004');
INSERT INTO Phone (PhoneID,PhoneBrand,SupplierID) VALUES ('PN235','Mi','XIAOMI004');
INSERT INTO Phone (PhoneID,PhoneBrand,SupplierID) VALUES ('PN236','Mi','XIAOMI004');
INSERT INTO Phone (PhoneID,PhoneBrand,SupplierID) VALUES ('PN237','Mi','XIAOMI004');
INSERT INTO Phone (PhoneID,PhoneBrand,SupplierID) VALUES ('PN238','Mi','XIAOMI004');
INSERT INTO Phone (PhoneID,PhoneBrand,SupplierID) VALUES ('PN239','Mi','XIAOMI004');
INSERT INTO Phone (PhoneID,PhoneBrand,SupplierID) VALUES ('PN240','Mi','XIAOMI004');
INSERT INTO Phone (PhoneID,PhoneBrand,SupplierID) VALUES ('PN241','Mi','XIAOMI004');
INSERT INTO Phone (PhoneID,PhoneBrand,SupplierID) VALUES ('PN242','Mi','XIAOMI004');
INSERT INTO Phone (PhoneID,PhoneBrand,SupplierID) VALUES ('PN243','Mi','XIAOMI004');
INSERT INTO Phone (PhoneID,PhoneBrand,SupplierID) VALUES ('PN244','Mi','XIAOMI004');
INSERT INTO Phone (PhoneID,PhoneBrand,SupplierID) VALUES ('PN245','Mi','XIAOMI004');
INSERT INTO Phone (PhoneID,PhoneBrand,SupplierID) VALUES ('PN246','Redmi','XIAOMI004');
INSERT INTO Phone (PhoneID,PhoneBrand,SupplierID) VALUES ('PN247','Redmi','XIAOMI004');
INSERT INTO Phone (PhoneID,PhoneBrand,SupplierID) VALUES ('PN248','Redmi','XIAOMI004');
INSERT INTO Phone (PhoneID,PhoneBrand,SupplierID) VALUES ('PN249','Redmi','XIAOMI004');
INSERT INTO Phone (PhoneID,PhoneBrand,SupplierID) VALUES ('PN250','Redmi','XIAOMI004');
INSERT INTO Phone (PhoneID,PhoneBrand,SupplierID) VALUES ('PN251','POCO','XIAOMI004');
INSERT INTO Phone (PhoneID,PhoneBrand,SupplierID) VALUES ('PN252','POCO','XIAOMI004');
INSERT INTO Phone (PhoneID,PhoneBrand,SupplierID) VALUES ('PN253','POCO','XIAOMI004');
INSERT INTO Phone (PhoneID,PhoneBrand,SupplierID) VALUES ('PN254','POCO','XIAOMI004');
INSERT INTO Phone (PhoneID,PhoneBrand,SupplierID) VALUES ('PN255','POCO','XIAOMI004');
INSERT INTO Phone (PhoneID,PhoneBrand,SupplierID) VALUES ('PN256','Oppo','BBK005');
INSERT INTO Phone (PhoneID,PhoneBrand,SupplierID) VALUES ('PN257','Oppo','BBK005');
INSERT INTO Phone (PhoneID,PhoneBrand,SupplierID) VALUES ('PN258','Oppo','BBK005');
INSERT INTO Phone (PhoneID,PhoneBrand,SupplierID) VALUES ('PN259','Oppo','BBK005');
INSERT INTO Phone (PhoneID,PhoneBrand,SupplierID) VALUES ('PN260','Oppo','BBK005');
INSERT INTO Phone (PhoneID,PhoneBrand,SupplierID) VALUES ('PN261','Vivo','BBK005');
INSERT INTO Phone (PhoneID,PhoneBrand,SupplierID) VALUES ('PN262','Vivo','BBK005');
INSERT INTO Phone (PhoneID,PhoneBrand,SupplierID) VALUES ('PN263','Vivo','BBK005');
INSERT INTO Phone (PhoneID,PhoneBrand,SupplierID) VALUES ('PN264','Vivo','BBK005');
INSERT INTO Phone (PhoneID,PhoneBrand,SupplierID) VALUES ('PN265','Vivo','BBK005');
INSERT INTO Phone (PhoneID,PhoneBrand,SupplierID) VALUES ('PN266','Realme','BBK005');
INSERT INTO Phone (PhoneID,PhoneBrand,SupplierID) VALUES ('PN267','Realme','BBK005');
INSERT INTO Phone (PhoneID,PhoneBrand,SupplierID) VALUES ('PN268','Realme','BBK005');
INSERT INTO Phone (PhoneID,PhoneBrand,SupplierID) VALUES ('PN269','Realme','BBK005');
INSERT INTO Phone (PhoneID,PhoneBrand,SupplierID) VALUES ('PN270','Realme','BBK005');
INSERT INTO Phone (PhoneID,PhoneBrand,SupplierID) VALUES ('PN271','OnePlus','BBK005');
INSERT INTO Phone (PhoneID,PhoneBrand,SupplierID) VALUES ('PN272','OnePlus','BBK005');
INSERT INTO Phone (PhoneID,PhoneBrand,SupplierID) VALUES ('PN273','OnePlus','BBK005');
INSERT INTO Phone (PhoneID,PhoneBrand,SupplierID) VALUES ('PN274','OnePlus','BBK005');
INSERT INTO Phone (PhoneID,PhoneBrand,SupplierID) VALUES ('PN275','OnePlus','BBK005');
INSERT INTO Phone (PhoneID,PhoneBrand,SupplierID) VALUES ('PN276','Axon','ZTE007');
INSERT INTO Phone (PhoneID,PhoneBrand,SupplierID) VALUES ('PN277','Axon','ZTE007');
INSERT INTO Phone (PhoneID,PhoneBrand,SupplierID) VALUES ('PN278','Axon','ZTE007');
INSERT INTO Phone (PhoneID,PhoneBrand,SupplierID) VALUES ('PN279','Axon','ZTE007');
INSERT INTO Phone (PhoneID,PhoneBrand,SupplierID) VALUES ('PN280','Axon','ZTE007');
INSERT INTO Phone (PhoneID,PhoneBrand,SupplierID) VALUES ('PN281','ZenFone','ASUS008');
INSERT INTO Phone (PhoneID,PhoneBrand,SupplierID) VALUES ('PN282','ZenFone','ASUS008');
INSERT INTO Phone (PhoneID,PhoneBrand,SupplierID) VALUES ('PN283','ZenFone','ASUS008');
INSERT INTO Phone (PhoneID,PhoneBrand,SupplierID) VALUES ('PN284','ZenFone','ASUS008');
INSERT INTO Phone (PhoneID,PhoneBrand,SupplierID) VALUES ('PN285','ZenFone','ASUS008');
INSERT INTO Phone (PhoneID,PhoneBrand,SupplierID) VALUES ('PN286','Lenovo','LENOVO009');
INSERT INTO Phone (PhoneID,PhoneBrand,SupplierID) VALUES ('PN287','Lenovo','LENOVO009');
INSERT INTO Phone (PhoneID,PhoneBrand,SupplierID) VALUES ('PN288','Lenovo','LENOVO009');
INSERT INTO Phone (PhoneID,PhoneBrand,SupplierID) VALUES ('PN289','Lenovo','LENOVO009');
INSERT INTO Phone (PhoneID,PhoneBrand,SupplierID) VALUES ('PN290','Lenovo','LENOVO009');
INSERT INTO Phone (PhoneID,PhoneBrand,SupplierID) VALUES ('PN291','Xperia','SONY010');
INSERT INTO Phone (PhoneID,PhoneBrand,SupplierID) VALUES ('PN292','Xperia','SONY010');
INSERT INTO Phone (PhoneID,PhoneBrand,SupplierID) VALUES ('PN293','Xperia','SONY010');
INSERT INTO Phone (PhoneID,PhoneBrand,SupplierID) VALUES ('PN294','Xperia','SONY010');
INSERT INTO Phone (PhoneID,PhoneBrand,SupplierID) VALUES ('PN295','Xperia','SONY010');
INSERT INTO Phone (PhoneID,PhoneBrand,SupplierID) VALUES ('PN296','Alcatel','TCL011');
INSERT INTO Phone (PhoneID,PhoneBrand,SupplierID) VALUES ('PN297','Alcatel','TCL011');
INSERT INTO Phone (PhoneID,PhoneBrand,SupplierID) VALUES ('PN298','Alcatel','TCL011');
INSERT INTO Phone (PhoneID,PhoneBrand,SupplierID) VALUES ('PN299','Alcatel','TCL011');
INSERT INTO Phone (PhoneID,PhoneBrand,SupplierID) VALUES ('PN300','Alcatel','TCL011');


INSERT INTO PhoneAttributes (PhoneID,Model,Price,Color,Memory,Storage,Camera,Size,AspectRatio,Connectivity,Processor,OS) VALUES ('PN1','Iphone 12',799,'BLACK','4GB',64,'Dual 12MP',5.4,'19.5:9','5G','A14 BIONIC','IOS_14');
INSERT INTO PhoneAttributes (PhoneID,Model,Price,Color,Memory,Storage,Camera,Size,AspectRatio,Connectivity,Processor,OS) VALUES ('PN2','Iphone 12',799,'WHITE','4GB',64,'Dual 12MP',5.4,'19.5:9','5G','A14 BIONIC','IOS_14');
INSERT INTO PhoneAttributes (PhoneID,Model,Price,Color,Memory,Storage,Camera,Size,AspectRatio,Connectivity,Processor,OS) VALUES ('PN3','Iphone 12',799,'BLUE','4GB',64,'Dual 12MP',5.4,'19.5:9','5G','A14 BIONIC','IOS_14');
INSERT INTO PhoneAttributes (PhoneID,Model,Price,Color,Memory,Storage,Camera,Size,AspectRatio,Connectivity,Processor,OS) VALUES ('PN4','Iphone 12 Pro',999,'SILVER','6GB',128,'TRIPLE 12 MP',6.1,'19.5:9','5G','A14 BIONIC','IOS_14');
INSERT INTO PhoneAttributes (PhoneID,Model,Price,Color,Memory,Storage,Camera,Size,AspectRatio,Connectivity,Processor,OS) VALUES ('PN5','Iphone 12 Pro',999,'GOLD','6GB',128,'TRIPLE 12 MP',6.1,'19.5:9','5G','A14 BIONIC','IOS_14');
INSERT INTO PhoneAttributes (PhoneID,Model,Price,Color,Memory,Storage,Camera,Size,AspectRatio,Connectivity,Processor,OS) VALUES ('PN6','Iphone 12 Pro',999,'PACIFIC BLUE','6GB',128,'TRIPLE 12 MP',6.1,'19.5:9','5G','A14 BIONIC','IOS_14');
INSERT INTO PhoneAttributes (PhoneID,Model,Price,Color,Memory,Storage,Camera,Size,AspectRatio,Connectivity,Processor,OS) VALUES ('PN7','Iphone 13',859,'BLUE MIDNIGHT','4GB',128,'Dual 12MP',6.1,'19.5:9','5G','A15 BIONIC','IOS_15');
INSERT INTO PhoneAttributes (PhoneID,Model,Price,Color,Memory,Storage,Camera,Size,AspectRatio,Connectivity,Processor,OS) VALUES ('PN8','Iphone 13',859,'STARLIGHT','4GB',128,'Dual 12MP',6.1,'19.5:9','5G','A15 BIONIC','IOS_15');
INSERT INTO PhoneAttributes (PhoneID,Model,Price,Color,Memory,Storage,Camera,Size,AspectRatio,Connectivity,Processor,OS) VALUES ('PN9','Iphone 13',859,'PINK','4GB',128,'Dual 12MP',6.1,'19.5:9','5G','A15 BIONIC','IOS_15');
INSERT INTO PhoneAttributes (PhoneID,Model,Price,Color,Memory,Storage,Camera,Size,AspectRatio,Connectivity,Processor,OS) VALUES ('PN10','Iphone 13',859,'RED','4GB',128,'Dual 12MP',6.1,'19.5:9','5G','A15 BIONIC','IOS_15');
INSERT INTO PhoneAttributes (PhoneID,Model,Price,Color,Memory,Storage,Camera,Size,AspectRatio,Connectivity,Processor,OS) VALUES ('PN11','Iphone 13 Pro',1099,'GRAPHITE','6GB',128,'TRIPLE 12 MP',6.1,'19.5:9','5G','A15 BIONIC','IOS_15');
INSERT INTO PhoneAttributes (PhoneID,Model,Price,Color,Memory,Storage,Camera,Size,AspectRatio,Connectivity,Processor,OS) VALUES ('PN12','Iphone 13 Pro',1099,'SIERRA BLUE','6GB',128,'TRIPLE 12 MP',6.1,'19.5:9','5G','A15 BIONIC','IOS_15');
INSERT INTO PhoneAttributes (PhoneID,Model,Price,Color,Memory,Storage,Camera,Size,AspectRatio,Connectivity,Processor,OS) VALUES ('PN13','Iphone 13 Pro',1099,'GOLD','6GB',128,'TRIPLE 12 MP',6.1,'19.5:9','5G','A15 BIONIC','IOS_15');
INSERT INTO PhoneAttributes (PhoneID,Model,Price,Color,Memory,Storage,Camera,Size,AspectRatio,Connectivity,Processor,OS) VALUES ('PN14','Iphone 13 Pro',1099,'SILVER','6GB',128,'TRIPLE 12 MP',6.1,'19.5:9','5G','A15 BIONIC','IOS_15');
INSERT INTO PhoneAttributes (PhoneID,Model,Price,Color,Memory,Storage,Camera,Size,AspectRatio,Connectivity,Processor,OS) VALUES ('PN15','Iphone 14',699,'Black','6GB',128,'Dual 12MP',6.1,'19.5:9','5G','A15 BIONIC','IOS_16');
INSERT INTO PhoneAttributes (PhoneID,Model,Price,Color,Memory,Storage,Camera,Size,AspectRatio,Connectivity,Processor,OS) VALUES ('PN16','Iphone 14',699,'BLUE','6GB',128,'Dual 12MP',6.1,'19.5:9','5G','A15 BIONIC','IOS_16');
INSERT INTO PhoneAttributes (PhoneID,Model,Price,Color,Memory,Storage,Camera,Size,AspectRatio,Connectivity,Processor,OS) VALUES ('PN17','Iphone 14',699,'WHITE','6GB',128,'Dual 12MP',6.1,'19.5:9','5G','A15 BIONIC','IOS_16');
INSERT INTO PhoneAttributes (PhoneID,Model,Price,Color,Memory,Storage,Camera,Size,AspectRatio,Connectivity,Processor,OS) VALUES ('PN18','Iphone 14',699,'BLACK','6GB',128,'Dual 12MP',6.1,'19.5:9','5G','A15 BIONIC','IOS_16');
INSERT INTO PhoneAttributes (PhoneID,Model,Price,Color,Memory,Storage,Camera,Size,AspectRatio,Connectivity,Processor,OS) VALUES ('PN19','Iphone 14 Pro',1066,'BLACK','6GB',128,'48MP',6.1,'19.5:9','5G','A16 BIONIC','IOS_16');
INSERT INTO PhoneAttributes (PhoneID,Model,Price,Color,Memory,Storage,Camera,Size,AspectRatio,Connectivity,Processor,OS) VALUES ('PN20','Iphone 14 Pro',1066,'WHITE','6GB',128,'48MP',6.1,'19.5:9','5G','A16 BIONIC','IOS_16');
INSERT INTO PhoneAttributes (PhoneID,Model,Price,Color,Memory,Storage,Camera,Size,AspectRatio,Connectivity,Processor,OS) VALUES ('PN21','Iphone 14 Pro',1066,'BLUE','6GB',128,'48MP',6.1,'19.5:9','5G','A16 BIONIC','IOS_16');
INSERT INTO PhoneAttributes (PhoneID,Model,Price,Color,Memory,Storage,Camera,Size,AspectRatio,Connectivity,Processor,OS) VALUES ('PN22','Iphone 14 Pro',1066,'BLACK','6GB',128,'48MP',6.1,'19.5:9','5G','A16 BIONIC','IOS_16');
INSERT INTO PhoneAttributes (PhoneID,Model,Price,Color,Memory,Storage,Camera,Size,AspectRatio,Connectivity,Processor,OS) VALUES ('PN23','Iphone 15',799,'WHITE','6GB',128,'48MP',6.1,'19.5:9','5G','A16 BIONIC','IOS_17');
INSERT INTO PhoneAttributes (PhoneID,Model,Price,Color,Memory,Storage,Camera,Size,AspectRatio,Connectivity,Processor,OS) VALUES ('PN24','Iphone 15',799,'YELLOW','6GB',128,'48MP',6.1,'19.5:9','5G','A16 BIONIC','IOS_17');
INSERT INTO PhoneAttributes (PhoneID,Model,Price,Color,Memory,Storage,Camera,Size,AspectRatio,Connectivity,Processor,OS) VALUES ('PN25','Iphone 15',799,'BLUE','6GB',128,'48MP',6.1,'19.5:9','5G','A16 BIONIC','IOS_17');
INSERT INTO PhoneAttributes (PhoneID,Model,Price,Color,Memory,Storage,Camera,Size,AspectRatio,Connectivity,Processor,OS) VALUES ('PN26','Iphone 15',799,'GREEN ','6GB',256,'48MP',6.1,'19.5:9','5G','A16 BIONIC','IOS_17');
INSERT INTO PhoneAttributes (PhoneID,Model,Price,Color,Memory,Storage,Camera,Size,AspectRatio,Connectivity,Processor,OS) VALUES ('PN27','Iphone 15 Pro',999,'NaturalTitanium','8GB',256,'48MP',6.2,'19.5:9','5G','A17 Pro','IOS_17');
INSERT INTO PhoneAttributes (PhoneID,Model,Price,Color,Memory,Storage,Camera,Size,AspectRatio,Connectivity,Processor,OS) VALUES ('PN28','Iphone 15 Pro',999,'BlueTitanium','8GB',128,'48MP',6.2,'19.5:9','5G','A17 Pro','IOS_17');
INSERT INTO PhoneAttributes (PhoneID,Model,Price,Color,Memory,Storage,Camera,Size,AspectRatio,Connectivity,Processor,OS) VALUES ('PN29','Iphone 15 Pro',1099,'BlueTitanium','8GB',128,'48MP',6.2,'19.5:9','5G','A17 Pro','IOS_17');
INSERT INTO PhoneAttributes (PhoneID,Model,Price,Color,Memory,Storage,Camera,Size,AspectRatio,Connectivity,Processor,OS) VALUES ('PN30','Iphone 15 Pro',1099,'BlackTitanium','8GB',256,'48MP',6.2,'19.5:9','5G','A17 Pro','IOS_17');
INSERT INTO PhoneAttributes (PhoneID,Model,Price,Color,Memory,Storage,Camera,Size,AspectRatio,Connectivity,Processor,OS) VALUES ('PN31','Galaxy S21',450,'PhantomGray','8GB',128,'Triple rear ',6.2,'20:9','5G','Exynos_2100','Android_11');
INSERT INTO PhoneAttributes (PhoneID,Model,Price,Color,Memory,Storage,Camera,Size,AspectRatio,Connectivity,Processor,OS) VALUES ('PN32','Galaxy S21',450,'PhantomGray','8GB',128,'Triple rear ',6.2,'20:9','5G','Exynos_2100','Android_11');
INSERT INTO PhoneAttributes (PhoneID,Model,Price,Color,Memory,Storage,Camera,Size,AspectRatio,Connectivity,Processor,OS) VALUES ('PN33','Galaxy S21',650,'PhantomGray','8GB',256,'Triple rear ',6.2,'20:9','5G','Exynos_2100','Android_11');
INSERT INTO PhoneAttributes (PhoneID,Model,Price,Color,Memory,Storage,Camera,Size,AspectRatio,Connectivity,Processor,OS) VALUES ('PN34','Galaxy S21',450,'PhantomWhite','8GB',128,'Triple rear ',6.2,'20:9','5G','Exynos_2100','Android_11');
INSERT INTO PhoneAttributes (PhoneID,Model,Price,Color,Memory,Storage,Camera,Size,AspectRatio,Connectivity,Processor,OS) VALUES ('PN35','Galaxy S21',450,'PhantomWhite','8GB',128,'Triple rear ',6.2,'20:9','5G','Exynos_2100','Android_11');
INSERT INTO PhoneAttributes (PhoneID,Model,Price,Color,Memory,Storage,Camera,Size,AspectRatio,Connectivity,Processor,OS) VALUES ('PN36','Galaxy S21',650,'PhantomWhite','8GB',256,'Triple rear ',6.2,'20:9','5G','Exynos_2100','Android_11');
INSERT INTO PhoneAttributes (PhoneID,Model,Price,Color,Memory,Storage,Camera,Size,AspectRatio,Connectivity,Processor,OS) VALUES ('PN37','Galaxy S21',450,'PhantomViolet','8GB',256,'Triple rear ',6.2,'20:9','5G','Exynos_2100','Android_11');
INSERT INTO PhoneAttributes (PhoneID,Model,Price,Color,Memory,Storage,Camera,Size,AspectRatio,Connectivity,Processor,OS) VALUES ('PN38','Galaxy S21',450,'PhantomViolet','8GB',128,'Triple rear ',6.8,'20:9','5G','Exynos_2100','Android_11');
INSERT INTO PhoneAttributes (PhoneID,Model,Price,Color,Memory,Storage,Camera,Size,AspectRatio,Connectivity,Processor,OS) VALUES ('PN39','Galaxy S21',650,'PhantomPink','8GB',256,'Triple rear ',6.8,'20:9','5G','Exynos_2100','Android_11');
INSERT INTO PhoneAttributes (PhoneID,Model,Price,Color,Memory,Storage,Camera,Size,AspectRatio,Connectivity,Processor,OS) VALUES ('PN40','Galaxy S21',650,'PhantomPink','8GB',128,'Triple rear ',6.8,'20:9','5G','Exynos_2100','Android_11');
INSERT INTO PhoneAttributes (PhoneID,Model,Price,Color,Memory,Storage,Camera,Size,AspectRatio,Connectivity,Processor,OS) VALUES ('PN41','Galaxy S21 Ultra',880,'PhantomBlack','12GB',256,'Quad rear',6.8,'20:9','5G','Exynos_2100','Android_11');
INSERT INTO PhoneAttributes (PhoneID,Model,Price,Color,Memory,Storage,Camera,Size,AspectRatio,Connectivity,Processor,OS) VALUES ('PN42','Galaxy S21 Ultra',900,'PhantomBlack','16GB',128,'Quad rear',6.8,'20:9','5G','Exynos_2100','Android_11');
INSERT INTO PhoneAttributes (PhoneID,Model,Price,Color,Memory,Storage,Camera,Size,AspectRatio,Connectivity,Processor,OS) VALUES ('PN43','Galaxy S21 Ultra',880,'PhantomSilver','12GB',128,'Quad rear',6.9,'20:9','5G','Exynos_2100','Android_11');
INSERT INTO PhoneAttributes (PhoneID,Model,Price,Color,Memory,Storage,Camera,Size,AspectRatio,Connectivity,Processor,OS) VALUES ('PN44','Galaxy S21 Ultra',900,'PhantomSilver','16GB',256,'Quad rear',6.9,'20:9','5G','Exynos_2100','Android_11');
INSERT INTO PhoneAttributes (PhoneID,Model,Price,Color,Memory,Storage,Camera,Size,AspectRatio,Connectivity,Processor,OS) VALUES ('PN45','Galaxy S21 Ultra',880,'Navy','12GB',512,'Quad rear',6.9,'20:9','5G','Exynos_2100','Android_11');
INSERT INTO PhoneAttributes (PhoneID,Model,Price,Color,Memory,Storage,Camera,Size,AspectRatio,Connectivity,Processor,OS) VALUES ('PN46','Galaxy Note 20 Ultra',1059,'Mystic Bronze','12GB',512,'10MP',6.9,'20:9','5G','Qualcomm Snapdragon 865+','Android_10');
INSERT INTO PhoneAttributes (PhoneID,Model,Price,Color,Memory,Storage,Camera,Size,AspectRatio,Connectivity,Processor,OS) VALUES ('PN47','Galaxy Note 20 Ultra',1059,'Mystic Black','12GB',512,'10MP',6.9,'20:9','5G','Qualcomm Snapdragon 865+','Android_10');
INSERT INTO PhoneAttributes (PhoneID,Model,Price,Color,Memory,Storage,Camera,Size,AspectRatio,Connectivity,Processor,OS) VALUES ('PN48','Galaxy Note 20 Ultra',1149,'Mystic Bronze','12GB',256,'10MP',7.6,'20:9','5G','Qualcomm Snapdragon 865+','Android_10');
INSERT INTO PhoneAttributes (PhoneID,Model,Price,Color,Memory,Storage,Camera,Size,AspectRatio,Connectivity,Processor,OS) VALUES ('PN49','Galaxy Note 20 Ultra',1149,'Mystic Black','12GB',256,'10MP',7.6,'20:9','5G','Qualcomm Snapdragon 865+','Android_10');
INSERT INTO PhoneAttributes (PhoneID,Model,Price,Color,Memory,Storage,Camera,Size,AspectRatio,Connectivity,Processor,OS) VALUES ('PN50','Galaxy Note 20 Ultra',1239,'Mystic White','12GB',256,'10MP',7.6,'20:9','5G','Qualcomm Snapdragon 865+','Android_10');
INSERT INTO PhoneAttributes (PhoneID,Model,Price,Color,Memory,Storage,Camera,Size,AspectRatio,Connectivity,Processor,OS) VALUES ('PN51','Galaxy Z Fold 3',1599,'Phantom Black','12GB',512,'10MP',7.6,'22.5:9','5G','Qualcomm Snapdragon 888','Android_11');
INSERT INTO PhoneAttributes (PhoneID,Model,Price,Color,Memory,Storage,Camera,Size,AspectRatio,Connectivity,Processor,OS) VALUES ('PN52','Galaxy Z Fold 3',1599,'Phantom Silver','12GB',512,'10MP',7.6,'22.5:9','5G','Qualcomm Snapdragon 888','Android_11');
INSERT INTO PhoneAttributes (PhoneID,Model,Price,Color,Memory,Storage,Camera,Size,AspectRatio,Connectivity,Processor,OS) VALUES ('PN53','Galaxy Z Fold 3',1599,'Phantom Green','12GB',128,'10MP',6.58,'22.5:9','5G','Qualcomm Snapdragon 888','Android_11');
INSERT INTO PhoneAttributes (PhoneID,Model,Price,Color,Memory,Storage,Camera,Size,AspectRatio,Connectivity,Processor,OS) VALUES ('PN54','Galaxy Z Fold 3',1799,'Phantom Black','12GB',256,'10MP',6.58,'22.5:9','5G','Qualcomm Snapdragon 888','Android_11');
INSERT INTO PhoneAttributes (PhoneID,Model,Price,Color,Memory,Storage,Camera,Size,AspectRatio,Connectivity,Processor,OS) VALUES ('PN55','Galaxy Z Fold 3',1799,'Phantom Silver','12GB',256,'10MP',6.58,'22.5:9','5G','Qualcomm Snapdragon 888','Android_11');
INSERT INTO PhoneAttributes (PhoneID,Model,Price,Color,Memory,Storage,Camera,Size,AspectRatio,Connectivity,Processor,OS) VALUES ('PN56','Huawei P40 Pro',799,'Silver Frost','8GB',512,'12MP',6.58,'19.5:9','5G','Kirin 990 5G','Android_10');
INSERT INTO PhoneAttributes (PhoneID,Model,Price,Color,Memory,Storage,Camera,Size,AspectRatio,Connectivity,Processor,OS) VALUES ('PN57','Huawei P40 Pro',799,'Deep Sea Blue','8GB',512,'12MP',6.58,'19.5:9','5G','Kirin 990 5G','Android_10');
INSERT INTO PhoneAttributes (PhoneID,Model,Price,Color,Memory,Storage,Camera,Size,AspectRatio,Connectivity,Processor,OS) VALUES ('PN58','Huawei P40 Pro',899,'Blush Gold','8GB',256,'12MP',6.76,'19.5:9','5G','Kirin 990 5G','Android_10');
INSERT INTO PhoneAttributes (PhoneID,Model,Price,Color,Memory,Storage,Camera,Size,AspectRatio,Connectivity,Processor,OS) VALUES ('PN59','Huawei P40 Pro',899,'Black','8GB',256,'12MP',6.76,'19.5:9','5G','Kirin 990 5G','Android_10');
INSERT INTO PhoneAttributes (PhoneID,Model,Price,Color,Memory,Storage,Camera,Size,AspectRatio,Connectivity,Processor,OS) VALUES ('PN60','Huawei P40 Pro',999,'Silver Frost','8GB',512,'12MP',6.76,'19.5:9','5G','Kirin 990 5G','Android_10');
INSERT INTO PhoneAttributes (PhoneID,Model,Price,Color,Memory,Storage,Camera,Size,AspectRatio,Connectivity,Processor,OS) VALUES ('PN61','Huawei Mate 40 Pro',1149,'Mystic Silver','8GB',512,'12MP',6.76,'19.8:9','5G','Kirin 9000','Android_11');
INSERT INTO PhoneAttributes (PhoneID,Model,Price,Color,Memory,Storage,Camera,Size,AspectRatio,Connectivity,Processor,OS) VALUES ('PN62','Huawei Mate 40 Pro',1149,'Mystic Black','8GB',512,'12MP',6.76,'19.8:9','5G','Kirin 9000','Android_11');
INSERT INTO PhoneAttributes (PhoneID,Model,Price,Color,Memory,Storage,Camera,Size,AspectRatio,Connectivity,Processor,OS) VALUES ('PN63','Huawei Mate 40 Pro',1249,'Ceramic White','8GB',512,'12MP',7.8,'19.8:9','5G','Kirin 9000','Android_11');
INSERT INTO PhoneAttributes (PhoneID,Model,Price,Color,Memory,Storage,Camera,Size,AspectRatio,Connectivity,Processor,OS) VALUES ('PN64','Huawei Mate 40 Pro',1249,'Mystic Silver','8GB',512,'12MP',7.8,'19.8:9','5G','Kirin 9000','Android_11');
INSERT INTO PhoneAttributes (PhoneID,Model,Price,Color,Memory,Storage,Camera,Size,AspectRatio,Connectivity,Processor,OS) VALUES ('PN65','Huawei Mate 40 Pro',1349,'Mystic Black','8GB',512,'12MP',7.8,'19.8:9','5G','Kirin 9000','Android_11');
INSERT INTO PhoneAttributes (PhoneID,Model,Price,Color,Memory,Storage,Camera,Size,AspectRatio,Connectivity,Processor,OS) VALUES ('PN66','Huawei Mate Xs',2799,'Bright Black','8GB',512,'48MP',7.8,'19:9','5G','Kirin 990 5G','Android_10');
INSERT INTO PhoneAttributes (PhoneID,Model,Price,Color,Memory,Storage,Camera,Size,AspectRatio,Connectivity,Processor,OS) VALUES ('PN67','Huawei Mate Xs',2799,'Ceramic White','8GB',512,'48MP',7.8,'19:9','5G','Kirin 990 5G','Android_10');
INSERT INTO PhoneAttributes (PhoneID,Model,Price,Color,Memory,Storage,Camera,Size,AspectRatio,Connectivity,Processor,OS) VALUES ('PN68','Huawei Mate Xs',2799,'Bright Black','8GB',512,'48MP',6.81,'19:9','5G','Kirin 990 5G','Android_10');
INSERT INTO PhoneAttributes (PhoneID,Model,Price,Color,Memory,Storage,Camera,Size,AspectRatio,Connectivity,Processor,OS) VALUES ('PN69','Huawei Mate Xs',2799,'Ceramic White','8GB',128,'48MP',6.81,'19:9','5G','Kirin 990 5G','Android_10');
INSERT INTO PhoneAttributes (PhoneID,Model,Price,Color,Memory,Storage,Camera,Size,AspectRatio,Connectivity,Processor,OS) VALUES ('PN70','Huawei Mate Xs',2799,'Bright Black','8GB',128,'48MP',6.81,'19:9','5G','Kirin 990 5G','Android_10');
INSERT INTO PhoneAttributes (PhoneID,Model,Price,Color,Memory,Storage,Camera,Size,AspectRatio,Connectivity,Processor,OS) VALUES ('PN71','Xiaomi Mi 11 Lite',799,'Phantom Black','8GB',256,'13MP',6.81,'20:9','5G','Qualcomm Snapdragon 888','Android_11');
INSERT INTO PhoneAttributes (PhoneID,Model,Price,Color,Memory,Storage,Camera,Size,AspectRatio,Connectivity,Processor,OS) VALUES ('PN72','Xiaomi Mi 11 Lite',799,'Phantom Silver','8GB',256,'13MP',6.81,'20:9','5G','Qualcomm Snapdragon 888','Android_11');
INSERT INTO PhoneAttributes (PhoneID,Model,Price,Color,Memory,Storage,Camera,Size,AspectRatio,Connectivity,Processor,OS) VALUES ('PN73','Xiaomi Mi 11 Lite',899,'Phantom Titanium','8GB',512,'13MP',6.81,'20:9','5G','Qualcomm Snapdragon 888','Android_11');
INSERT INTO PhoneAttributes (PhoneID,Model,Price,Color,Memory,Storage,Camera,Size,AspectRatio,Connectivity,Processor,OS) VALUES ('PN74','Xiaomi Mi 11 Lite',899,'Phantom Violet','8GB',128,'13MP',6.81,'20:9','5G','Qualcomm Snapdragon 888','Android_11');
INSERT INTO PhoneAttributes (PhoneID,Model,Price,Color,Memory,Storage,Camera,Size,AspectRatio,Connectivity,Processor,OS) VALUES ('PN75','Xiaomi Mi 11 Lite',949,'Phantom Brown','8GB',128,'13MP',6.81,'20:9','5G','Qualcomm Snapdragon 888','Android_11');
INSERT INTO PhoneAttributes (PhoneID,Model,Price,Color,Memory,Storage,Camera,Size,AspectRatio,Connectivity,Processor,OS) VALUES ('PN76','Xiaomi Mi 11 Lite',799,'Phantom Black','8GB',256,'13MP',6.81,'20:9','5G','Qualcomm Snapdragon 888','Android_11');
INSERT INTO PhoneAttributes (PhoneID,Model,Price,Color,Memory,Storage,Camera,Size,AspectRatio,Connectivity,Processor,OS) VALUES ('PN77','Xiaomi Mi 11 Lite',799,'Phantom Silver','8GB',256,'13MP',6.81,'20:9','5G','Qualcomm Snapdragon 888','Android_11');
INSERT INTO PhoneAttributes (PhoneID,Model,Price,Color,Memory,Storage,Camera,Size,AspectRatio,Connectivity,Processor,OS) VALUES ('PN78','Xiaomi Mi 11 Lite',899,'Phantom Titanium','8GB',512,'13MP',6.55,'20:9','5G','Qualcomm Snapdragon 888','Android_11');
INSERT INTO PhoneAttributes (PhoneID,Model,Price,Color,Memory,Storage,Camera,Size,AspectRatio,Connectivity,Processor,OS) VALUES ('PN79','Xiaomi Mi 11 Lite',899,'Phantom Violet','8GB',128,'13MP',6.55,'20:9','5G','Qualcomm Snapdragon 888','Android_11');
INSERT INTO PhoneAttributes (PhoneID,Model,Price,Color,Memory,Storage,Camera,Size,AspectRatio,Connectivity,Processor,OS) VALUES ('PN80','Xiaomi Mi 11 Lite',949,'Phantom Brown','8GB',128,'13MP',6.55,'20:9','5G','Qualcomm Snapdragon 888','Android_11');
INSERT INTO PhoneAttributes (PhoneID,Model,Price,Color,Memory,Storage,Camera,Size,AspectRatio,Connectivity,Processor,OS) VALUES ('PN81','Xiaomi Mi 10',399,'Blue','6GB',256,'64MP ',6.55,'20:9','5G','Qualcomm Snapdragon 780G 5G','Android_11');
INSERT INTO PhoneAttributes (PhoneID,Model,Price,Color,Memory,Storage,Camera,Size,AspectRatio,Connectivity,Processor,OS) VALUES ('PN82','Xiaomi Mi 10',399,'Black','6GB',256,'64MP ',6.55,'20:9','5G','Qualcomm Snapdragon 780G 5G','Android_11');
INSERT INTO PhoneAttributes (PhoneID,Model,Price,Color,Memory,Storage,Camera,Size,AspectRatio,Connectivity,Processor,OS) VALUES ('PN83','Xiaomi Mi 10',449,'Peach','6GB',128,'64MP  ',6.55,'20:9','5G','Qualcomm Snapdragon 780G 5G','Android_11');
INSERT INTO PhoneAttributes (PhoneID,Model,Price,Color,Memory,Storage,Camera,Size,AspectRatio,Connectivity,Processor,OS) VALUES ('PN84','Xiaomi Mi 10',449,'Teal','6GB',128,'64MP ',6.55,'20:9','5G','Qualcomm Snapdragon 780G 5G','Android_11');
INSERT INTO PhoneAttributes (PhoneID,Model,Price,Color,Memory,Storage,Camera,Size,AspectRatio,Connectivity,Processor,OS) VALUES ('PN85','Xiaomi Mi 10',499,'Yellow','8GB',256,'64MP ',6.55,'20:9','5G','Qualcomm Snapdragon 780G 5G','Android_11');
INSERT INTO PhoneAttributes (PhoneID,Model,Price,Color,Memory,Storage,Camera,Size,AspectRatio,Connectivity,Processor,OS) VALUES ('PN86','Xiaomi Mi 105G',799,'Coral Green','8GB',256,'108MP',6.67,'20:9','5G','Qualcomm Snapdragon 865','Android_10');
INSERT INTO PhoneAttributes (PhoneID,Model,Price,Color,Memory,Storage,Camera,Size,AspectRatio,Connectivity,Processor,OS) VALUES ('PN87','Xiaomi Mi 105G',799,'Sky Blue','8GB',128,'108MP',6.67,'20:9','5G','Qualcomm Snapdragon 865','Android_10');
INSERT INTO PhoneAttributes (PhoneID,Model,Price,Color,Memory,Storage,Camera,Size,AspectRatio,Connectivity,Processor,OS) VALUES ('PN88','Xiaomi Mi 105G',899,'Cosmic Blue','8GB',256,'108MP',6.67,'20:9','5G','Qualcomm Snapdragon 865','Android_10');
INSERT INTO PhoneAttributes (PhoneID,Model,Price,Color,Memory,Storage,Camera,Size,AspectRatio,Connectivity,Processor,OS) VALUES ('PN89','Xiaomi Mi 105G',899,'Peach Gold','12GB',128,'108MP',6.67,'20:9','5G','Qualcomm Snapdragon 865','Android_10');
INSERT INTO PhoneAttributes (PhoneID,Model,Price,Color,Memory,Storage,Camera,Size,AspectRatio,Connectivity,Processor,OS) VALUES ('PN90','Xiaomi Mi 105G',949,'Glacier White','12GB',256,'108MP',6.67,'20:9','5G','Qualcomm Snapdragon 865','Android_10');
INSERT INTO PhoneAttributes (PhoneID,Model,Price,Color,Memory,Storage,Camera,Size,AspectRatio,Connectivity,Processor,OS) VALUES ('PN91','Xiaomi Mi 105G',799,'Coral Green','8GB',256,'108MP',6.67,'20:9','5G','Qualcomm Snapdragon 865','Android_10');
INSERT INTO PhoneAttributes (PhoneID,Model,Price,Color,Memory,Storage,Camera,Size,AspectRatio,Connectivity,Processor,OS) VALUES ('PN92','Xiaomi Mi 105G',799,'Sky Blue','8GB',128,'108MP',6.67,'20:9','5G','Qualcomm Snapdragon 865','Android_10');
INSERT INTO PhoneAttributes (PhoneID,Model,Price,Color,Memory,Storage,Camera,Size,AspectRatio,Connectivity,Processor,OS) VALUES ('PN93','Xiaomi Mi 105G',899,'Cosmic Blue','8GB',256,'108MP',6.67,'20:9','5G','Qualcomm Snapdragon 865','Android_10');
INSERT INTO PhoneAttributes (PhoneID,Model,Price,Color,Memory,Storage,Camera,Size,AspectRatio,Connectivity,Processor,OS) VALUES ('PN94','Xiaomi Mi 105G',899,'Peach Gold','12GB',128,'108MP',6.67,'20:9','5G','Qualcomm Snapdragon 865','Android_10');
INSERT INTO PhoneAttributes (PhoneID,Model,Price,Color,Memory,Storage,Camera,Size,AspectRatio,Connectivity,Processor,OS) VALUES ('PN95','Xiaomi Mi 105G',949,'Glacier White','12GB',256,'108MP',6.67,'20:9','5G','Qualcomm Snapdragon 865','Android_10');
INSERT INTO PhoneAttributes (PhoneID,Model,Price,Color,Memory,Storage,Camera,Size,AspectRatio,Connectivity,Processor,OS) VALUES ('PN96','Redmi Note 10 Pro',279,'Onyx Gray','4GB',64,'108MP',6.67,'20:9','4G','Qualcomm Snapdragon 730G','Android_10');
INSERT INTO PhoneAttributes (PhoneID,Model,Price,Color,Memory,Storage,Camera,Size,AspectRatio,Connectivity,Processor,OS) VALUES ('PN97','Redmi Note 10 Pro',279,'Glacier Blue','4GB',64,'108MP',6.67,'20:9','4G','Qualcomm Snapdragon 730G','Android_10');
INSERT INTO PhoneAttributes (PhoneID,Model,Price,Color,Memory,Storage,Camera,Size,AspectRatio,Connectivity,Processor,OS) VALUES ('PN98','Redmi Note 10 Pro',329,'Gradient Bronze','6GB',64,'108MP',6.67,'20:9','4G','Qualcomm Snapdragon 730G','Android_10');
INSERT INTO PhoneAttributes (PhoneID,Model,Price,Color,Memory,Storage,Camera,Size,AspectRatio,Connectivity,Processor,OS) VALUES ('PN99','Redmi Note 10 Pro',329,'Gradient Gold','6GB',64,'108MP',6.67,'20:9','4G','Qualcomm Snapdragon 730G','Android_10');
INSERT INTO PhoneAttributes (PhoneID,Model,Price,Color,Memory,Storage,Camera,Size,AspectRatio,Connectivity,Processor,OS) VALUES ('PN100','Redmi Note 10 Pro',349,'Midnight Gray','6GB',128,'108MP',6.67,'20:9','4G','Qualcomm Snapdragon 730G','Android_10');
INSERT INTO PhoneAttributes (PhoneID,Model,Price,Color,Memory,Storage,Camera,Size,AspectRatio,Connectivity,Processor,OS) VALUES ('PN101','POCO F3',349,'Night Black','6GB',128,'48MP',6.67,'20:9','5G','Qualcomm Snapdragon 870','Android_11');
INSERT INTO PhoneAttributes (PhoneID,Model,Price,Color,Memory,Storage,Camera,Size,AspectRatio,Connectivity,Processor,OS) VALUES ('PN102','POCO F3',349,'Arctic White','6GB',128,'48MP',6.67,'20:9','5G','Qualcomm Snapdragon 870','Android_11');
INSERT INTO PhoneAttributes (PhoneID,Model,Price,Color,Memory,Storage,Camera,Size,AspectRatio,Connectivity,Processor,OS) VALUES ('PN103','POCO F3',449,'Deep Ocean Blue','8GB',256,'48MP',6.67,'20:9','5G','Qualcomm Snapdragon 870','Android_11');
INSERT INTO PhoneAttributes (PhoneID,Model,Price,Color,Memory,Storage,Camera,Size,AspectRatio,Connectivity,Processor,OS) VALUES ('PN104','POCO F3',449,'Frost White','8GB',256,'48MP',6.67,'20:9','5G','Qualcomm Snapdragon 870','Android_11');
INSERT INTO PhoneAttributes (PhoneID,Model,Price,Color,Memory,Storage,Camera,Size,AspectRatio,Connectivity,Processor,OS) VALUES ('PN105','POCO F3',499,'Phantom Black','12GB',256,'48MP',6.67,'20:9','5G','Qualcomm Snapdragon 870','Android_11');
INSERT INTO PhoneAttributes (PhoneID,Model,Price,Color,Memory,Storage,Camera,Size,AspectRatio,Connectivity,Processor,OS) VALUES ('PN106','OPPO Find X3 Pro',1149,'Gloss Black','8GB',256,'50MP  ',6.7,'20:9','5G','Qualcomm Snapdragon 888','Android_11');
INSERT INTO PhoneAttributes (PhoneID,Model,Price,Color,Memory,Storage,Camera,Size,AspectRatio,Connectivity,Processor,OS) VALUES ('PN107','OPPO Find X3 Pro',1149,'Ceramic Black','8GB',256,'50MP  ',6.7,'20:9','5G','Qualcomm Snapdragon 888','Android_11');
INSERT INTO PhoneAttributes (PhoneID,Model,Price,Color,Memory,Storage,Camera,Size,AspectRatio,Connectivity,Processor,OS) VALUES ('PN108','OPPO Find X3 Pro',1249,'Arctic White','8GB',256,'50MP  ',6.7,'20:9','5G','Qualcomm Snapdragon 888','Android_11');
INSERT INTO PhoneAttributes (PhoneID,Model,Price,Color,Memory,Storage,Camera,Size,AspectRatio,Connectivity,Processor,OS) VALUES ('PN109','OPPO Find X3 Pro',1249,'Glaze Black','8GB',512,'50MP  ',6.7,'20:9','5G','Qualcomm Snapdragon 888','Android_11');
INSERT INTO PhoneAttributes (PhoneID,Model,Price,Color,Memory,Storage,Camera,Size,AspectRatio,Connectivity,Processor,OS) VALUES ('PN110','OPPO Find X3 Pro',1349,'Ceramic White','12GB',512,'50MP  ',6.7,'20:9','5G','Qualcomm Snapdragon 888','Android_11');
INSERT INTO PhoneAttributes (PhoneID,Model,Price,Color,Memory,Storage,Camera,Size,AspectRatio,Connectivity,Processor,OS) VALUES ('PN111','Vivo X60 Pro',1099,'Stardust Black','12GB',256,'50MP  ',6.56,'19.8:9','5G','Qualcomm Snapdragon 870','Android_11');
INSERT INTO PhoneAttributes (PhoneID,Model,Price,Color,Memory,Storage,Camera,Size,AspectRatio,Connectivity,Processor,OS) VALUES ('PN112','Vivo X60 Pro',1099,'Shimmer Blue','12GB',256,'50MP  ',6.56,'19.8:9','5G','Qualcomm Snapdragon 870','Android_11');
INSERT INTO PhoneAttributes (PhoneID,Model,Price,Color,Memory,Storage,Camera,Size,AspectRatio,Connectivity,Processor,OS) VALUES ('PN113','Vivo X60 Pro',1199,'Cosmic Black','12GB',512,'50MP  ',6.56,'19.8:9','5G','Qualcomm Snapdragon 870','Android_11');
INSERT INTO PhoneAttributes (PhoneID,Model,Price,Color,Memory,Storage,Camera,Size,AspectRatio,Connectivity,Processor,OS) VALUES ('PN114','Vivo X60 Pro',1199,'Shimmer White','12GB',512,'50MP  ',6.56,'19.8:9','5G','Qualcomm Snapdragon 870','Android_11');
INSERT INTO PhoneAttributes (PhoneID,Model,Price,Color,Memory,Storage,Camera,Size,AspectRatio,Connectivity,Processor,OS) VALUES ('PN115','Vivo X60 Pro',1299,'Stargazing Black','12GB',512,'50MP  ',6.56,'19.8:9','5G','Qualcomm Snapdragon 870','Android_11');
INSERT INTO PhoneAttributes (PhoneID,Model,Price,Color,Memory,Storage,Camera,Size,AspectRatio,Connectivity,Processor,OS) VALUES ('PN116','Realme GT',699,'Starry Black','8GB',128,'64MP ',6.43,'20:9','5G','Qualcomm Snapdragon 870','Android_11');
INSERT INTO PhoneAttributes (PhoneID,Model,Price,Color,Memory,Storage,Camera,Size,AspectRatio,Connectivity,Processor,OS) VALUES ('PN117','Realme GT',799,'Dashing Blue','8GB',256,'64MP ',6.43,'20:9','5G','Qualcomm Snapdragon 870','Android_11');
INSERT INTO PhoneAttributes (PhoneID,Model,Price,Color,Memory,Storage,Camera,Size,AspectRatio,Connectivity,Processor,OS) VALUES ('PN118','Realme GT',899,'Hacker Black','12GB',256,'64MP ',6.43,'20:9','5G','Qualcomm Snapdragon 870','Android_11');
INSERT INTO PhoneAttributes (PhoneID,Model,Price,Color,Memory,Storage,Camera,Size,AspectRatio,Connectivity,Processor,OS) VALUES ('PN119','Realme GT',999,'Nebula','12GB',512,'64MP ',6.43,'20:9','5G','Qualcomm Snapdragon 870','Android_11');
INSERT INTO PhoneAttributes (PhoneID,Model,Price,Color,Memory,Storage,Camera,Size,AspectRatio,Connectivity,Processor,OS) VALUES ('PN120','Realme GT',1299,'Stargaze','12GB',512,'64MP ',6.43,'20:9','5G','Qualcomm Snapdragon 888','Android_11');
INSERT INTO PhoneAttributes (PhoneID,Model,Price,Color,Memory,Storage,Camera,Size,AspectRatio,Connectivity,Processor,OS) VALUES ('PN121','One Plus 9',799,'Arctic Sky','8GB',128,'48MP',6.55,'20:9','5G','Qualcomm Snapdragon 888','Android_11');
INSERT INTO PhoneAttributes (PhoneID,Model,Price,Color,Memory,Storage,Camera,Size,AspectRatio,Connectivity,Processor,OS) VALUES ('PN122','One Plus 9',899,'Morning Mist','8GB',256,'48MP',6.55,'20:9','5G','Qualcomm Snapdragon 888','Android_11');
INSERT INTO PhoneAttributes (PhoneID,Model,Price,Color,Memory,Storage,Camera,Size,AspectRatio,Connectivity,Processor,OS) VALUES ('PN123','One Plus 9',949,'Stellar Black','12GB',256,'48MP',6.55,'20:9','5G','Qualcomm Snapdragon 888','Android_11');
INSERT INTO PhoneAttributes (PhoneID,Model,Price,Color,Memory,Storage,Camera,Size,AspectRatio,Connectivity,Processor,OS) VALUES ('PN124','One Plus 9',1049,'Interstellar Glow','12GB',512,'48MP',6.55,'20:9','5G','Qualcomm Snapdragon 888','Android_11');
INSERT INTO PhoneAttributes (PhoneID,Model,Price,Color,Memory,Storage,Camera,Size,AspectRatio,Connectivity,Processor,OS) VALUES ('PN125','One Plus 9',1149,'Volcanic Black','12GB',512,'48MP',6.55,'20:9','5G','Qualcomm Snapdragon 888','Android_11');
INSERT INTO PhoneAttributes (PhoneID,Model,Price,Color,Memory,Storage,Camera,Size,AspectRatio,Connectivity,Processor,OS) VALUES ('PN126','ZTE Axon 30 Ultra',799,'Glacier White','8GB',128,'64MP ',6.67,'20:9','5G','Qualcomm Snapdragon 870','Android_11');
INSERT INTO PhoneAttributes (PhoneID,Model,Price,Color,Memory,Storage,Camera,Size,AspectRatio,Connectivity,Processor,OS) VALUES ('PN127','ZTE Axon 30 Ultra',899,'Magic Night Black','8GB',256,'64MP ',6.67,'20:9','5G','Qualcomm Snapdragon 870','Android_11');
INSERT INTO PhoneAttributes (PhoneID,Model,Price,Color,Memory,Storage,Camera,Size,AspectRatio,Connectivity,Processor,OS) VALUES ('PN128','ZTE Axon 30 Ultra',999,'Digital Moon Silver','12GB',256,'64MP ',6.67,'20:9','5G','Qualcomm Snapdragon 870','Android_11');
INSERT INTO PhoneAttributes (PhoneID,Model,Price,Color,Memory,Storage,Camera,Size,AspectRatio,Connectivity,Processor,OS) VALUES ('PN129','ZTE Axon 30 Ultra',1199,'Starry Night Black','12GB',512,'64MP ',6.67,'20:9','5G','Qualcomm Snapdragon 888','Android_11');
INSERT INTO PhoneAttributes (PhoneID,Model,Price,Color,Memory,Storage,Camera,Size,AspectRatio,Connectivity,Processor,OS) VALUES ('PN130','ZTE Axon 30 Ultra',1499,'Ceramic White','16GB',512,'64MP ',6.67,'20:9','5G','Qualcomm Snapdragon 888','Android_11');
INSERT INTO PhoneAttributes (PhoneID,Model,Price,Color,Memory,Storage,Camera,Size,AspectRatio,Connectivity,Processor,OS) VALUES ('PN131','Asus Zenfone 8',899,'Obsidian Black ','16GB',256,'50MP ',5.9,'20:9','5G','Qualcomm Snapdragon 888','Android_11');
INSERT INTO PhoneAttributes (PhoneID,Model,Price,Color,Memory,Storage,Camera,Size,AspectRatio,Connectivity,Processor,OS) VALUES ('PN132','Asus Zenfone 8',899,'Glacier White','16GB',256,'50MP ',5.9,'20:9','5G','Qualcomm Snapdragon 888','Android_11');
INSERT INTO PhoneAttributes (PhoneID,Model,Price,Color,Memory,Storage,Camera,Size,AspectRatio,Connectivity,Processor,OS) VALUES ('PN133','Asus Zenfone 8',999,'Glacie White ','12GB',256,'50MP ',5.9,'20:9','5G','Qualcomm Snapdragon 888','Android_11');
INSERT INTO PhoneAttributes (PhoneID,Model,Price,Color,Memory,Storage,Camera,Size,AspectRatio,Connectivity,Processor,OS) VALUES ('PN134','Asus Zenfone 8',1199,'Stellar Black','12GB',256,'50MP ',5.9,'20:9','5G','Qualcomm Snapdragon 888','Android_11');
INSERT INTO PhoneAttributes (PhoneID,Model,Price,Color,Memory,Storage,Camera,Size,AspectRatio,Connectivity,Processor,OS) VALUES ('PN135','Asus Zenfone 8',1499,'Sunset Red ','16GB',512,'50MP ',5.9,'20:9','5G','Qualcomm Snapdragon 888','Android_11');
INSERT INTO PhoneAttributes (PhoneID,Model,Price,Color,Memory,Storage,Camera,Size,AspectRatio,Connectivity,Processor,OS) VALUES ('PN136','Lenovo Legion Phone Duel 6',1199,'Phantom Black ','12GB',512,'64MP ',6.67,'20:9','5G','Qualcomm Snapdragon 888 5G','Android_11');
INSERT INTO PhoneAttributes (PhoneID,Model,Price,Color,Memory,Storage,Camera,Size,AspectRatio,Connectivity,Processor,OS) VALUES ('PN137','Lenovo Legion Phone Duel 6',1499,'Titanium White','16GB',512,'50MP ',6.92,'20.5:9','5G','Qualcomm Snapdragon 8 Gen 1','Android_12');
INSERT INTO PhoneAttributes (PhoneID,Model,Price,Color,Memory,Storage,Camera,Size,AspectRatio,Connectivity,Processor,OS) VALUES ('PN138','Lenovo Legion Phone Duel 6',1899,'Phantom Black ','18GB',1000,'50MP ',7.2,'20.5:9','5G','Qualcomm Snapdragon 8 Gen 2','Android_12');
INSERT INTO PhoneAttributes (PhoneID,Model,Price,Color,Memory,Storage,Camera,Size,AspectRatio,Connectivity,Processor,OS) VALUES ('PN139','Lenovo Legion Phone Duel 6',2299,'Titanium White','24GB',2000,'108MP ',8.0,'21:9','5G','Qualcomm Snapdragon 8 Gen 3','Android_12');
INSERT INTO PhoneAttributes (PhoneID,Model,Price,Color,Memory,Storage,Camera,Size,AspectRatio,Connectivity,Processor,OS) VALUES ('PN140','Lenovo Legion Phone Duel 6',2699,'Titanium White','32GB',4000,'200MP  ',9.0,'23:9','5G','Qualcomm Snapdragon 8 Gen 4','Android_12');
INSERT INTO PhoneAttributes (PhoneID,Model,Price,Color,Memory,Storage,Camera,Size,AspectRatio,Connectivity,Processor,OS) VALUES ('PN141','Xperia 1 III',1299,'Frost Black ','12GB',256,'12MP ',6.5,'21:9','5G','Qualcomm Snapdragon 888 5G','Android_11');
INSERT INTO PhoneAttributes (PhoneID,Model,Price,Color,Memory,Storage,Camera,Size,AspectRatio,Connectivity,Processor,OS) VALUES ('PN142','Xperia 1 III',1699,'Frost Gray ','12GB',512,'12MP ',6.5,'21:9','5G','Qualcomm Snapdragon 888 5G','Android_11');
INSERT INTO PhoneAttributes (PhoneID,Model,Price,Color,Memory,Storage,Camera,Size,AspectRatio,Connectivity,Processor,OS) VALUES ('PN143','Xperia 1 III',1899,'Frost Gray ','16GB',1000,'12MP ',6.5,'21:9','5G','Qualcomm Snapdragon 888 5G','Android_11');
INSERT INTO PhoneAttributes (PhoneID,Model,Price,Color,Memory,Storage,Camera,Size,AspectRatio,Connectivity,Processor,OS) VALUES ('PN144','Xperia 1 III',2199,'Frost Black ','12GB',256,'12MP ',6.5,'21:9','5G','Qualcomm Snapdragon 888 5G','Android_11');
INSERT INTO PhoneAttributes (PhoneID,Model,Price,Color,Memory,Storage,Camera,Size,AspectRatio,Connectivity,Processor,OS) VALUES ('PN145','Xperia 1 III',2499,'Purple','24GB',512,'12MP ',6.5,'21:9','5G','Qualcomm Snapdragon 888 5G','Android_11');
INSERT INTO PhoneAttributes (PhoneID,Model,Price,Color,Memory,Storage,Camera,Size,AspectRatio,Connectivity,Processor,OS) VALUES ('PN146','Alcatel 3X',199,'Onyx Black','4GB',64,'13MP ',6.52,'20:9','5G','MediaTek Helio P35','Android_11');
INSERT INTO PhoneAttributes (PhoneID,Model,Price,Color,Memory,Storage,Camera,Size,AspectRatio,Connectivity,Processor,OS) VALUES ('PN147','Alcatel 3X',299,'Onyx Black','6GB',128,'50MP ',6.52,'20:9','5G','MediaTek Dimensity 700','Android 12');
INSERT INTO PhoneAttributes (PhoneID,Model,Price,Color,Memory,Storage,Camera,Size,AspectRatio,Connectivity,Processor,OS) VALUES ('PN148','Alcatel 3X',249,'Onyx Black','4GB',64,'16MP  ',6.52,'20:9','5G','Qualcomm Snapdragon 480 5G','Android 12');
INSERT INTO PhoneAttributes (PhoneID,Model,Price,Color,Memory,Storage,Camera,Size,AspectRatio,Connectivity,Processor,OS) VALUES ('PN149','Alcatel 3X',299,'Glacier Blue','6GB',128,'24MP ',6.52,'20:9','5G','Qualcomm Snapdragon 730G 5G','Android 12');
INSERT INTO PhoneAttributes (PhoneID,Model,Price,Color,Memory,Storage,Camera,Size,AspectRatio,Connectivity,Processor,OS) VALUES ('PN150','Alcatel 3X',399,'Glacier Blue','8GB',256,'32MP ',6.8,'21:9','5G','Qualcomm Snapdragon 8 Gen 5','Android 12');
INSERT INTO PhoneAttributes (PhoneID,Model,Price,Color,Memory,Storage,Camera,Size,AspectRatio,Connectivity,Processor,OS) VALUES ('PN151','Iphone 12',799,'BLACK','4GB',64,'Dual 12MP',5.4,'19.5:9','5G','A14 BIONIC','IOS_14');
INSERT INTO PhoneAttributes (PhoneID,Model,Price,Color,Memory,Storage,Camera,Size,AspectRatio,Connectivity,Processor,OS) VALUES ('PN152','Iphone 12',799,'WHITE','4GB',64,'Dual 12MP',5.4,'19.5:9','5G','A14 BIONIC','IOS_14');
INSERT INTO PhoneAttributes (PhoneID,Model,Price,Color,Memory,Storage,Camera,Size,AspectRatio,Connectivity,Processor,OS) VALUES ('PN153','Iphone 12',799,'BLUE','4GB',64,'Dual 12MP',5.4,'19.5:9','5G','A14 BIONIC','IOS_14');
INSERT INTO PhoneAttributes (PhoneID,Model,Price,Color,Memory,Storage,Camera,Size,AspectRatio,Connectivity,Processor,OS) VALUES ('PN154','Iphone 12 Pro',999,'SILVER','6GB',128,'TRIPLE 12 MP',6.1,'19.5:9','5G','A14 BIONIC','IOS_14');
INSERT INTO PhoneAttributes (PhoneID,Model,Price,Color,Memory,Storage,Camera,Size,AspectRatio,Connectivity,Processor,OS) VALUES ('PN155','Iphone 12 Pro',999,'GOLD','6GB',128,'TRIPLE 12 MP',6.1,'19.5:9','5G','A14 BIONIC','IOS_14');
INSERT INTO PhoneAttributes (PhoneID,Model,Price,Color,Memory,Storage,Camera,Size,AspectRatio,Connectivity,Processor,OS) VALUES ('PN156','Iphone 12 Pro',999,'PACIFIC BLUE','6GB',128,'TRIPLE 12 MP',6.1,'19.5:9','5G','A14 BIONIC','IOS_14');
INSERT INTO PhoneAttributes (PhoneID,Model,Price,Color,Memory,Storage,Camera,Size,AspectRatio,Connectivity,Processor,OS) VALUES ('PN157','Iphone 13',859,'BLUE MIDNIGHT','4GB',128,'Dual 12MP',6.1,'19.5:9','5G','A15 BIONIC','IOS_15');
INSERT INTO PhoneAttributes (PhoneID,Model,Price,Color,Memory,Storage,Camera,Size,AspectRatio,Connectivity,Processor,OS) VALUES ('PN158','Iphone 13',859,'STARLIGHT','4GB',128,'Dual 12MP',6.1,'19.5:9','5G','A15 BIONIC','IOS_15');
INSERT INTO PhoneAttributes (PhoneID,Model,Price,Color,Memory,Storage,Camera,Size,AspectRatio,Connectivity,Processor,OS) VALUES ('PN159','Iphone 13',859,'PINK','4GB',128,'Dual 12MP',6.1,'19.5:9','5G','A15 BIONIC','IOS_15');
INSERT INTO PhoneAttributes (PhoneID,Model,Price,Color,Memory,Storage,Camera,Size,AspectRatio,Connectivity,Processor,OS) VALUES ('PN160','Iphone 13',859,'RED','4GB',128,'Dual 12MP',6.1,'19.5:9','5G','A15 BIONIC','IOS_15');
INSERT INTO PhoneAttributes (PhoneID,Model,Price,Color,Memory,Storage,Camera,Size,AspectRatio,Connectivity,Processor,OS) VALUES ('PN161','Iphone 13 Pro',1099,'GRAPHITE','6GB',128,'TRIPLE 12 MP',6.1,'19.5:9','5G','A15 BIONIC','IOS_15');
INSERT INTO PhoneAttributes (PhoneID,Model,Price,Color,Memory,Storage,Camera,Size,AspectRatio,Connectivity,Processor,OS) VALUES ('PN162','Iphone 13 Pro',1099,'SIERRA BLUE','6GB',128,'TRIPLE 12 MP',6.1,'19.5:9','5G','A15 BIONIC','IOS_15');
INSERT INTO PhoneAttributes (PhoneID,Model,Price,Color,Memory,Storage,Camera,Size,AspectRatio,Connectivity,Processor,OS) VALUES ('PN163','Iphone 13 Pro',1099,'GOLD','6GB',128,'TRIPLE 12 MP',6.1,'19.5:9','5G','A15 BIONIC','IOS_15');
INSERT INTO PhoneAttributes (PhoneID,Model,Price,Color,Memory,Storage,Camera,Size,AspectRatio,Connectivity,Processor,OS) VALUES ('PN164','Iphone 13 Pro',1099,'SILVER','6GB',128,'TRIPLE 12 MP',6.1,'19.5:9','5G','A15 BIONIC','IOS_15');
INSERT INTO PhoneAttributes (PhoneID,Model,Price,Color,Memory,Storage,Camera,Size,AspectRatio,Connectivity,Processor,OS) VALUES ('PN165','Iphone 14',699,'Black','6GB',128,'Dual 12MP',6.1,'19.5:9','5G','A15 BIONIC','IOS_16');
INSERT INTO PhoneAttributes (PhoneID,Model,Price,Color,Memory,Storage,Camera,Size,AspectRatio,Connectivity,Processor,OS) VALUES ('PN166','Iphone 14',699,'BLUE','6GB',128,'Dual 12MP',6.1,'19.5:9','5G','A15 BIONIC','IOS_16');
INSERT INTO PhoneAttributes (PhoneID,Model,Price,Color,Memory,Storage,Camera,Size,AspectRatio,Connectivity,Processor,OS) VALUES ('PN167','Iphone 14',699,'WHITE','6GB',128,'Dual 12MP',6.1,'19.5:9','5G','A15 BIONIC','IOS_16');
INSERT INTO PhoneAttributes (PhoneID,Model,Price,Color,Memory,Storage,Camera,Size,AspectRatio,Connectivity,Processor,OS) VALUES ('PN168','Iphone 14',699,'BLACK','6GB',128,'Dual 12MP',6.1,'19.5:9','5G','A15 BIONIC','IOS_16');
INSERT INTO PhoneAttributes (PhoneID,Model,Price,Color,Memory,Storage,Camera,Size,AspectRatio,Connectivity,Processor,OS) VALUES ('PN169','Iphone 14 Pro',1066,'BLACK','6GB',128,'48MP',6.1,'19.5:9','5G','A16 BIONIC','IOS_16');
INSERT INTO PhoneAttributes (PhoneID,Model,Price,Color,Memory,Storage,Camera,Size,AspectRatio,Connectivity,Processor,OS) VALUES ('PN170','Iphone 14 Pro',1066,'WHITE','6GB',128,'48MP',6.1,'19.5:9','5G','A16 BIONIC','IOS_16');
INSERT INTO PhoneAttributes (PhoneID,Model,Price,Color,Memory,Storage,Camera,Size,AspectRatio,Connectivity,Processor,OS) VALUES ('PN171','Iphone 14 Pro',1066,'BLUE','6GB',128,'48MP',6.1,'19.5:9','5G','A16 BIONIC','IOS_16');
INSERT INTO PhoneAttributes (PhoneID,Model,Price,Color,Memory,Storage,Camera,Size,AspectRatio,Connectivity,Processor,OS) VALUES ('PN172','Iphone 14 Pro',1066,'BLACK','6GB',128,'48MP',6.1,'19.5:9','5G','A16 BIONIC','IOS_16');
INSERT INTO PhoneAttributes (PhoneID,Model,Price,Color,Memory,Storage,Camera,Size,AspectRatio,Connectivity,Processor,OS) VALUES ('PN173','Iphone 15',799,'WHITE','6GB',128,'48MP',6.1,'19.5:9','5G','A16 BIONIC','IOS_17');
INSERT INTO PhoneAttributes (PhoneID,Model,Price,Color,Memory,Storage,Camera,Size,AspectRatio,Connectivity,Processor,OS) VALUES ('PN174','Iphone 15',799,'YELLOW','6GB',128,'48MP',6.1,'19.5:9','5G','A16 BIONIC','IOS_17');
INSERT INTO PhoneAttributes (PhoneID,Model,Price,Color,Memory,Storage,Camera,Size,AspectRatio,Connectivity,Processor,OS) VALUES ('PN175','Iphone 15',799,'BLUE','6GB',128,'48MP',6.1,'19.5:9','5G','A16 BIONIC','IOS_17');
INSERT INTO PhoneAttributes (PhoneID,Model,Price,Color,Memory,Storage,Camera,Size,AspectRatio,Connectivity,Processor,OS) VALUES ('PN176','Iphone 15',799,'GREEN ','6GB',256,'48MP',6.1,'19.5:9','5G','A16 BIONIC','IOS_17');
INSERT INTO PhoneAttributes (PhoneID,Model,Price,Color,Memory,Storage,Camera,Size,AspectRatio,Connectivity,Processor,OS) VALUES ('PN177','Iphone 15 Pro',999,'NaturalTitanium','8GB',256,'48MP',6.2,'19.5:9','5G','A17 Pro','IOS_17');
INSERT INTO PhoneAttributes (PhoneID,Model,Price,Color,Memory,Storage,Camera,Size,AspectRatio,Connectivity,Processor,OS) VALUES ('PN178','Iphone 15 Pro',999,'BlueTitanium','8GB',128,'48MP',6.2,'19.5:9','5G','A17 Pro','IOS_17');
INSERT INTO PhoneAttributes (PhoneID,Model,Price,Color,Memory,Storage,Camera,Size,AspectRatio,Connectivity,Processor,OS) VALUES ('PN179','Iphone 15 Pro',1099,'BlueTitanium','8GB',128,'48MP',6.2,'19.5:9','5G','A17 Pro','IOS_17');
INSERT INTO PhoneAttributes (PhoneID,Model,Price,Color,Memory,Storage,Camera,Size,AspectRatio,Connectivity,Processor,OS) VALUES ('PN180','Iphone 15 Pro',1099,'BlackTitanium','8GB',256,'48MP',6.2,'19.5:9','5G','A17 Pro','IOS_17');
INSERT INTO PhoneAttributes (PhoneID,Model,Price,Color,Memory,Storage,Camera,Size,AspectRatio,Connectivity,Processor,OS) VALUES ('PN181','Galaxy S21',450,'PhantomGray','8GB',128,'64MP',6.2,'20:9','5G','Exynos_2100','Android_11');
INSERT INTO PhoneAttributes (PhoneID,Model,Price,Color,Memory,Storage,Camera,Size,AspectRatio,Connectivity,Processor,OS) VALUES ('PN182','Galaxy S21',450,'PhantomGray','8GB',128,'64MP',6.2,'20:9','5G','Exynos_2100','Android_11');
INSERT INTO PhoneAttributes (PhoneID,Model,Price,Color,Memory,Storage,Camera,Size,AspectRatio,Connectivity,Processor,OS) VALUES ('PN183','Galaxy S21',650,'PhantomGray','8GB',256,'64MP',6.2,'20:9','5G','Exynos_2100','Android_11');
INSERT INTO PhoneAttributes (PhoneID,Model,Price,Color,Memory,Storage,Camera,Size,AspectRatio,Connectivity,Processor,OS) VALUES ('PN184','Galaxy S21',450,'PhantomWhite','8GB',128,'64MP',6.2,'20:9','5G','Exynos_2100','Android_11');
INSERT INTO PhoneAttributes (PhoneID,Model,Price,Color,Memory,Storage,Camera,Size,AspectRatio,Connectivity,Processor,OS) VALUES ('PN185','Galaxy S21',450,'PhantomWhite','8GB',128,'64MP',6.2,'20:9','5G','Exynos_2100','Android_11');
INSERT INTO PhoneAttributes (PhoneID,Model,Price,Color,Memory,Storage,Camera,Size,AspectRatio,Connectivity,Processor,OS) VALUES ('PN186','Galaxy S21',650,'PhantomWhite','8GB',256,'64MP',6.2,'20:9','5G','Exynos_2100','Android_11');
INSERT INTO PhoneAttributes (PhoneID,Model,Price,Color,Memory,Storage,Camera,Size,AspectRatio,Connectivity,Processor,OS) VALUES ('PN187','Galaxy S21',450,'PhantomViolet','8GB',256,'64MP',6.2,'20:9','5G','Exynos_2100','Android_11');
INSERT INTO PhoneAttributes (PhoneID,Model,Price,Color,Memory,Storage,Camera,Size,AspectRatio,Connectivity,Processor,OS) VALUES ('PN188','Galaxy S21',450,'PhantomViolet','8GB',128,'64MP',6.8,'20:9','5G','Exynos_2100','Android_11');
INSERT INTO PhoneAttributes (PhoneID,Model,Price,Color,Memory,Storage,Camera,Size,AspectRatio,Connectivity,Processor,OS) VALUES ('PN189','Galaxy S21',650,'PhantomPink','8GB',256,'64MP',6.8,'20:9','5G','Exynos_2100','Android_11');
INSERT INTO PhoneAttributes (PhoneID,Model,Price,Color,Memory,Storage,Camera,Size,AspectRatio,Connectivity,Processor,OS) VALUES ('PN190','Galaxy S21',650,'PhantomPink','8GB',128,'64MP',6.8,'20:9','5G','Exynos_2100','Android_11');
INSERT INTO PhoneAttributes (PhoneID,Model,Price,Color,Memory,Storage,Camera,Size,AspectRatio,Connectivity,Processor,OS) VALUES ('PN191','Galaxy S21 Ultra',880,'PhantomBlack','12GB',256,'64MP',6.8,'20:9','5G','Exynos_2100','Android_11');
INSERT INTO PhoneAttributes (PhoneID,Model,Price,Color,Memory,Storage,Camera,Size,AspectRatio,Connectivity,Processor,OS) VALUES ('PN192','Galaxy S21 Ultra',900,'PhantomBlack','16GB',128,'64MP',6.8,'20:9','5G','Exynos_2100','Android_11');
INSERT INTO PhoneAttributes (PhoneID,Model,Price,Color,Memory,Storage,Camera,Size,AspectRatio,Connectivity,Processor,OS) VALUES ('PN193','Galaxy S21 Ultra',880,'PhantomSilver','12GB',128,'64MP',6.9,'20:9','5G','Exynos_2100','Android_11');
INSERT INTO PhoneAttributes (PhoneID,Model,Price,Color,Memory,Storage,Camera,Size,AspectRatio,Connectivity,Processor,OS) VALUES ('PN194','Galaxy S21 Ultra',900,'PhantomSilver','16GB',256,'64MP',6.9,'20:9','5G','Exynos_2100','Android_11');
INSERT INTO PhoneAttributes (PhoneID,Model,Price,Color,Memory,Storage,Camera,Size,AspectRatio,Connectivity,Processor,OS) VALUES ('PN195','Galaxy S21 Ultra',880,'Navy','12GB',512,'64MP',6.9,'20:9','5G','Exynos_2100','Android_11');
INSERT INTO PhoneAttributes (PhoneID,Model,Price,Color,Memory,Storage,Camera,Size,AspectRatio,Connectivity,Processor,OS) VALUES ('PN196','Galaxy Note 20 Ultra',1059,'Mystic Bronze','12GB',512,'10MP',6.9,'20:9','5G','Qualcomm Snapdragon 865+','Android_10');
INSERT INTO PhoneAttributes (PhoneID,Model,Price,Color,Memory,Storage,Camera,Size,AspectRatio,Connectivity,Processor,OS) VALUES ('PN197','Galaxy Note 20 Ultra',1059,'Mystic Black','12GB',512,'10MP',6.9,'20:9','5G','Qualcomm Snapdragon 865+','Android_10');
INSERT INTO PhoneAttributes (PhoneID,Model,Price,Color,Memory,Storage,Camera,Size,AspectRatio,Connectivity,Processor,OS) VALUES ('PN198','Galaxy Note 20 Ultra',1149,'Mystic Bronze','12GB',256,'10MP',7.6,'20:9','5G','Qualcomm Snapdragon 865+','Android_10');
INSERT INTO PhoneAttributes (PhoneID,Model,Price,Color,Memory,Storage,Camera,Size,AspectRatio,Connectivity,Processor,OS) VALUES ('PN199','Galaxy Note 20 Ultra',1149,'Mystic Black','12GB',256,'10MP',7.6,'20:9','5G','Qualcomm Snapdragon 865+','Android_10');
INSERT INTO PhoneAttributes (PhoneID,Model,Price,Color,Memory,Storage,Camera,Size,AspectRatio,Connectivity,Processor,OS) VALUES ('PN200','Galaxy Note 20 Ultra',1239,'Mystic White','12GB',256,'10MP',7.6,'20:9','5G','Qualcomm Snapdragon 865+','Android_10');
INSERT INTO PhoneAttributes (PhoneID,Model,Price,Color,Memory,Storage,Camera,Size,AspectRatio,Connectivity,Processor,OS) VALUES ('PN201','Galaxy Z Fold 3',1599,'Phantom Black','12GB',512,'10MP',7.6,'22.5:9','5G','Qualcomm Snapdragon 888','Android_11');
INSERT INTO PhoneAttributes (PhoneID,Model,Price,Color,Memory,Storage,Camera,Size,AspectRatio,Connectivity,Processor,OS) VALUES ('PN202','Galaxy Z Fold 3',1599,'Phantom Silver','12GB',512,'10MP',7.6,'22.5:9','5G','Qualcomm Snapdragon 888','Android_11');
INSERT INTO PhoneAttributes (PhoneID,Model,Price,Color,Memory,Storage,Camera,Size,AspectRatio,Connectivity,Processor,OS) VALUES ('PN203','Galaxy Z Fold 3',1599,'Phantom Green','12GB',128,'10MP',6.58,'22.5:9','5G','Qualcomm Snapdragon 888','Android_11');
INSERT INTO PhoneAttributes (PhoneID,Model,Price,Color,Memory,Storage,Camera,Size,AspectRatio,Connectivity,Processor,OS) VALUES ('PN204','Galaxy Z Fold 3',1799,'Phantom Black','12GB',256,'10MP',6.58,'22.5:9','5G','Qualcomm Snapdragon 888','Android_11');
INSERT INTO PhoneAttributes (PhoneID,Model,Price,Color,Memory,Storage,Camera,Size,AspectRatio,Connectivity,Processor,OS) VALUES ('PN205','Galaxy Z Fold 3',1799,'Phantom Silver','12GB',256,'10MP',6.58,'22.5:9','5G','Qualcomm Snapdragon 888','Android_11');
INSERT INTO PhoneAttributes (PhoneID,Model,Price,Color,Memory,Storage,Camera,Size,AspectRatio,Connectivity,Processor,OS) VALUES ('PN206','Huawei P40 Pro',799,'Silver Frost','8GB',512,'12MP',6.58,'19.5:9','5G','Kirin 990 5G','Android_10');
INSERT INTO PhoneAttributes (PhoneID,Model,Price,Color,Memory,Storage,Camera,Size,AspectRatio,Connectivity,Processor,OS) VALUES ('PN207','Huawei P40 Pro',799,'Deep Sea Blue','8GB',512,'12MP',6.58,'19.5:9','5G','Kirin 990 5G','Android_10');
INSERT INTO PhoneAttributes (PhoneID,Model,Price,Color,Memory,Storage,Camera,Size,AspectRatio,Connectivity,Processor,OS) VALUES ('PN208','Huawei P40 Pro',899,'Blush Gold','8GB',256,'12MP',6.76,'19.5:9','5G','Kirin 990 5G','Android_10');
INSERT INTO PhoneAttributes (PhoneID,Model,Price,Color,Memory,Storage,Camera,Size,AspectRatio,Connectivity,Processor,OS) VALUES ('PN209','Huawei P40 Pro',899,'Black','8GB',256,'12MP',6.76,'19.5:9','5G','Kirin 990 5G','Android_10');
INSERT INTO PhoneAttributes (PhoneID,Model,Price,Color,Memory,Storage,Camera,Size,AspectRatio,Connectivity,Processor,OS) VALUES ('PN210','Huawei P40 Pro',999,'Silver Frost','8GB',512,'12MP',6.76,'19.5:9','5G','Kirin 990 5G','Android_10');
INSERT INTO PhoneAttributes (PhoneID,Model,Price,Color,Memory,Storage,Camera,Size,AspectRatio,Connectivity,Processor,OS) VALUES ('PN211','Huawei Mate 40 Pro',1149,'Mystic Silver','8GB',512,'12MP',6.76,'19.8:9','5G','Kirin 9000','Android_11');
INSERT INTO PhoneAttributes (PhoneID,Model,Price,Color,Memory,Storage,Camera,Size,AspectRatio,Connectivity,Processor,OS) VALUES ('PN212','Huawei Mate 40 Pro',1149,'Mystic Black','8GB',512,'12MP',6.76,'19.8:9','5G','Kirin 9000','Android_11');
INSERT INTO PhoneAttributes (PhoneID,Model,Price,Color,Memory,Storage,Camera,Size,AspectRatio,Connectivity,Processor,OS) VALUES ('PN213','Huawei Mate 40 Pro',1249,'Ceramic White','8GB',512,'12MP',7.8,'19.8:9','5G','Kirin 9000','Android_11');
INSERT INTO PhoneAttributes (PhoneID,Model,Price,Color,Memory,Storage,Camera,Size,AspectRatio,Connectivity,Processor,OS) VALUES ('PN214','Huawei Mate 40 Pro',1249,'Mystic Silver','8GB',512,'12MP',7.8,'19.8:9','5G','Kirin 9000','Android_11');
INSERT INTO PhoneAttributes (PhoneID,Model,Price,Color,Memory,Storage,Camera,Size,AspectRatio,Connectivity,Processor,OS) VALUES ('PN215','Huawei Mate 40 Pro',1349,'Mystic Black','8GB',512,'12MP',7.8,'19.8:9','5G','Kirin 9000','Android_11');
INSERT INTO PhoneAttributes (PhoneID,Model,Price,Color,Memory,Storage,Camera,Size,AspectRatio,Connectivity,Processor,OS) VALUES ('PN216','Huawei Mate Xs',2799,'Bright Black','8GB',512,'48MP',7.8,'19:9','5G','Kirin 990 5G','Android_10');
INSERT INTO PhoneAttributes (PhoneID,Model,Price,Color,Memory,Storage,Camera,Size,AspectRatio,Connectivity,Processor,OS) VALUES ('PN217','Huawei Mate Xs',2799,'Ceramic White','8GB',512,'48MP',7.8,'19:9','5G','Kirin 990 5G','Android_10');
INSERT INTO PhoneAttributes (PhoneID,Model,Price,Color,Memory,Storage,Camera,Size,AspectRatio,Connectivity,Processor,OS) VALUES ('PN218','Huawei Mate Xs',2799,'Bright Black','8GB',512,'48MP',6.81,'19:9','5G','Kirin 990 5G','Android_10');
INSERT INTO PhoneAttributes (PhoneID,Model,Price,Color,Memory,Storage,Camera,Size,AspectRatio,Connectivity,Processor,OS) VALUES ('PN219','Huawei Mate Xs',2799,'Ceramic White','8GB',128,'48MP',6.81,'19:9','5G','Kirin 990 5G','Android_10');
INSERT INTO PhoneAttributes (PhoneID,Model,Price,Color,Memory,Storage,Camera,Size,AspectRatio,Connectivity,Processor,OS) VALUES ('PN220','Huawei Mate Xs',2799,'Bright Black','8GB',128,'48MP',6.81,'19:9','5G','Kirin 990 5G','Android_10');
INSERT INTO PhoneAttributes (PhoneID,Model,Price,Color,Memory,Storage,Camera,Size,AspectRatio,Connectivity,Processor,OS) VALUES ('PN221','Xiaomi Mi 115G',799,'Phantom Black','8GB',256,'13MP',6.81,'20:9','5G','Qualcomm Snapdragon 888','Android_11');
INSERT INTO PhoneAttributes (PhoneID,Model,Price,Color,Memory,Storage,Camera,Size,AspectRatio,Connectivity,Processor,OS) VALUES ('PN222','Xiaomi Mi 115G',799,'Phantom Silver','8GB',256,'13MP',6.81,'20:9','5G','Qualcomm Snapdragon 888','Android_11');
INSERT INTO PhoneAttributes (PhoneID,Model,Price,Color,Memory,Storage,Camera,Size,AspectRatio,Connectivity,Processor,OS) VALUES ('PN223','Xiaomi Mi 115G',899,'Phantom Titanium','8GB',512,'13MP',6.81,'20:9','5G','Qualcomm Snapdragon 888','Android_11');
INSERT INTO PhoneAttributes (PhoneID,Model,Price,Color,Memory,Storage,Camera,Size,AspectRatio,Connectivity,Processor,OS) VALUES ('PN224','Xiaomi Mi 115G',899,'Phantom Violet','8GB',128,'13MP',6.81,'20:9','5G','Qualcomm Snapdragon 888','Android_11');
INSERT INTO PhoneAttributes (PhoneID,Model,Price,Color,Memory,Storage,Camera,Size,AspectRatio,Connectivity,Processor,OS) VALUES ('PN225','Xiaomi Mi 115G',949,'Phantom Brown','8GB',128,'13MP',6.81,'20:9','5G','Qualcomm Snapdragon 888','Android_11');
INSERT INTO PhoneAttributes (PhoneID,Model,Price,Color,Memory,Storage,Camera,Size,AspectRatio,Connectivity,Processor,OS) VALUES ('PN226','Xiaomi Mi 115G',799,'Phantom Black','8GB',256,'13MP',6.81,'20:9','5G','Qualcomm Snapdragon 888','Android_11');
INSERT INTO PhoneAttributes (PhoneID,Model,Price,Color,Memory,Storage,Camera,Size,AspectRatio,Connectivity,Processor,OS) VALUES ('PN227','Xiaomi Mi 115G',799,'Phantom Silver','8GB',256,'13MP',6.81,'20:9','5G','Qualcomm Snapdragon 888','Android_11');
INSERT INTO PhoneAttributes (PhoneID,Model,Price,Color,Memory,Storage,Camera,Size,AspectRatio,Connectivity,Processor,OS) VALUES ('PN228','Xiaomi Mi 115G',899,'Phantom Titanium','8GB',512,'13MP',6.55,'20:9','5G','Qualcomm Snapdragon 888','Android_11');
INSERT INTO PhoneAttributes (PhoneID,Model,Price,Color,Memory,Storage,Camera,Size,AspectRatio,Connectivity,Processor,OS) VALUES ('PN229','Xiaomi Mi 115G',899,'Phantom Violet','8GB',128,'13MP',6.55,'20:9','5G','Qualcomm Snapdragon 888','Android_11');
INSERT INTO PhoneAttributes (PhoneID,Model,Price,Color,Memory,Storage,Camera,Size,AspectRatio,Connectivity,Processor,OS) VALUES ('PN230','Xiaomi Mi 115G',949,'Phantom Brown','8GB',128,'13MP',6.55,'20:9','5G','Qualcomm Snapdragon 888','Android_11');
INSERT INTO PhoneAttributes (PhoneID,Model,Price,Color,Memory,Storage,Camera,Size,AspectRatio,Connectivity,Processor,OS) VALUES ('PN231','Xiaomi Mi 11 Lite 5G',399,'Blue','6GB',256,'64MP ',6.55,'20:9','5G','Qualcomm Snapdragon 780G 5G','Android_11');
INSERT INTO PhoneAttributes (PhoneID,Model,Price,Color,Memory,Storage,Camera,Size,AspectRatio,Connectivity,Processor,OS) VALUES ('PN232','Xiaomi Mi 11 Lite 5G',399,'Black','6GB',256,'64MP ',6.55,'20:9','5G','Qualcomm Snapdragon 780G 5G','Android_11');
INSERT INTO PhoneAttributes (PhoneID,Model,Price,Color,Memory,Storage,Camera,Size,AspectRatio,Connectivity,Processor,OS) VALUES ('PN233','Xiaomi Mi 11 Lite 5G',449,'Peach','6GB',128,'64MP  ',6.55,'20:9','5G','Qualcomm Snapdragon 780G 5G','Android_11');
INSERT INTO PhoneAttributes (PhoneID,Model,Price,Color,Memory,Storage,Camera,Size,AspectRatio,Connectivity,Processor,OS) VALUES ('PN234','Xiaomi Mi 11 Lite 5G',449,'Teal','6GB',128,'64MP ',6.55,'20:9','5G','Qualcomm Snapdragon 780G 5G','Android_11');
INSERT INTO PhoneAttributes (PhoneID,Model,Price,Color,Memory,Storage,Camera,Size,AspectRatio,Connectivity,Processor,OS) VALUES ('PN235','Xiaomi Mi 11 Lite 5G',499,'Yellow','8GB',256,'64MP ',6.55,'20:9','5G','Qualcomm Snapdragon 780G 5G','Android_11');
INSERT INTO PhoneAttributes (PhoneID,Model,Price,Color,Memory,Storage,Camera,Size,AspectRatio,Connectivity,Processor,OS) VALUES ('PN236','Xiaomi Mi 105G',799,'Coral Green','8GB',256,'108MP',6.67,'20:9','5G','Qualcomm Snapdragon 865','Android_10');
INSERT INTO PhoneAttributes (PhoneID,Model,Price,Color,Memory,Storage,Camera,Size,AspectRatio,Connectivity,Processor,OS) VALUES ('PN237','Xiaomi Mi 105G',799,'Sky Blue','8GB',128,'108MP',6.67,'20:9','5G','Qualcomm Snapdragon 865','Android_10');
INSERT INTO PhoneAttributes (PhoneID,Model,Price,Color,Memory,Storage,Camera,Size,AspectRatio,Connectivity,Processor,OS) VALUES ('PN238','Xiaomi Mi 105G',899,'Cosmic Blue','8GB',256,'108MP',6.67,'20:9','5G','Qualcomm Snapdragon 865','Android_10');
INSERT INTO PhoneAttributes (PhoneID,Model,Price,Color,Memory,Storage,Camera,Size,AspectRatio,Connectivity,Processor,OS) VALUES ('PN239','Xiaomi Mi 105G',899,'Peach Gold','12GB',128,'108MP',6.67,'20:9','5G','Qualcomm Snapdragon 865','Android_10');
INSERT INTO PhoneAttributes (PhoneID,Model,Price,Color,Memory,Storage,Camera,Size,AspectRatio,Connectivity,Processor,OS) VALUES ('PN240','Xiaomi Mi 105G',949,'Glacier White','12GB',256,'108MP',6.67,'20:9','5G','Qualcomm Snapdragon 865','Android_10');
INSERT INTO PhoneAttributes (PhoneID,Model,Price,Color,Memory,Storage,Camera,Size,AspectRatio,Connectivity,Processor,OS) VALUES ('PN241','Xiaomi Mi 105G',799,'Coral Green','8GB',256,'108MP',6.67,'20:9','5G','Qualcomm Snapdragon 865','Android_10');
INSERT INTO PhoneAttributes (PhoneID,Model,Price,Color,Memory,Storage,Camera,Size,AspectRatio,Connectivity,Processor,OS) VALUES ('PN242','Xiaomi Mi 105G',799,'Sky Blue','8GB',128,'108MP',6.67,'20:9','5G','Qualcomm Snapdragon 865','Android_10');
INSERT INTO PhoneAttributes (PhoneID,Model,Price,Color,Memory,Storage,Camera,Size,AspectRatio,Connectivity,Processor,OS) VALUES ('PN243','Xiaomi Mi 105G',899,'Cosmic Blue','8GB',256,'108MP',6.67,'20:9','5G','Qualcomm Snapdragon 865','Android_10');
INSERT INTO PhoneAttributes (PhoneID,Model,Price,Color,Memory,Storage,Camera,Size,AspectRatio,Connectivity,Processor,OS) VALUES ('PN244','Xiaomi Mi 105G',899,'Peach Gold','12GB',128,'108MP',6.67,'20:9','5G','Qualcomm Snapdragon 865','Android_10');
INSERT INTO PhoneAttributes (PhoneID,Model,Price,Color,Memory,Storage,Camera,Size,AspectRatio,Connectivity,Processor,OS) VALUES ('PN245','Xiaomi Mi 105G',949,'Glacier White','12GB',256,'108MP',6.67,'20:9','5G','Qualcomm Snapdragon 865','Android_10');
INSERT INTO PhoneAttributes (PhoneID,Model,Price,Color,Memory,Storage,Camera,Size,AspectRatio,Connectivity,Processor,OS) VALUES ('PN246','Redmi Note 10 Pro',279,'Onyx Gray','4GB',64,'108MP',6.67,'20:9','4G','Qualcomm Snapdragon 730G','Android_10');
INSERT INTO PhoneAttributes (PhoneID,Model,Price,Color,Memory,Storage,Camera,Size,AspectRatio,Connectivity,Processor,OS) VALUES ('PN247','Redmi Note 10 Pro',279,'Glacier Blue','4GB',64,'108MP',6.67,'20:9','4G','Qualcomm Snapdragon 730G','Android_10');
INSERT INTO PhoneAttributes (PhoneID,Model,Price,Color,Memory,Storage,Camera,Size,AspectRatio,Connectivity,Processor,OS) VALUES ('PN248','Redmi Note 10 Pro',329,'Gradient Bronze','6GB',64,'108MP',6.67,'20:9','4G','Qualcomm Snapdragon 730G','Android_10');
INSERT INTO PhoneAttributes (PhoneID,Model,Price,Color,Memory,Storage,Camera,Size,AspectRatio,Connectivity,Processor,OS) VALUES ('PN249','Redmi Note 10 Pro',329,'Gradient Gold','6GB',64,'108MP',6.67,'20:9','4G','Qualcomm Snapdragon 730G','Android_10');
INSERT INTO PhoneAttributes (PhoneID,Model,Price,Color,Memory,Storage,Camera,Size,AspectRatio,Connectivity,Processor,OS) VALUES ('PN250','Redmi Note 10 Pro',349,'Midnight Gray','6GB',128,'108MP',6.67,'20:9','4G','Qualcomm Snapdragon 730G','Android_10');
INSERT INTO PhoneAttributes (PhoneID,Model,Price,Color,Memory,Storage,Camera,Size,AspectRatio,Connectivity,Processor,OS) VALUES ('PN251','POCO F3',349,'Night Black','6GB',128,'48MP',6.67,'20:9','5G','Qualcomm Snapdragon 870','Android_11');
INSERT INTO PhoneAttributes (PhoneID,Model,Price,Color,Memory,Storage,Camera,Size,AspectRatio,Connectivity,Processor,OS) VALUES ('PN252','POCO F3',349,'Arctic White','6GB',128,'48MP',6.67,'20:9','5G','Qualcomm Snapdragon 870','Android_11');
INSERT INTO PhoneAttributes (PhoneID,Model,Price,Color,Memory,Storage,Camera,Size,AspectRatio,Connectivity,Processor,OS) VALUES ('PN253','POCO F3',449,'Deep Ocean Blue','8GB',256,'48MP',6.67,'20:9','5G','Qualcomm Snapdragon 870','Android_11');
INSERT INTO PhoneAttributes (PhoneID,Model,Price,Color,Memory,Storage,Camera,Size,AspectRatio,Connectivity,Processor,OS) VALUES ('PN254','POCO F3',449,'Frost White','8GB',256,'48MP',6.67,'20:9','5G','Qualcomm Snapdragon 870','Android_11');
INSERT INTO PhoneAttributes (PhoneID,Model,Price,Color,Memory,Storage,Camera,Size,AspectRatio,Connectivity,Processor,OS) VALUES ('PN255','POCO F3',499,'Phantom Black','12GB',256,'48MP',6.67,'20:9','5G','Qualcomm Snapdragon 870','Android_11');
INSERT INTO PhoneAttributes (PhoneID,Model,Price,Color,Memory,Storage,Camera,Size,AspectRatio,Connectivity,Processor,OS) VALUES ('PN256','OPPO Find X3 Pro',1149,'Gloss Black','8GB',256,'50MP  ',6.7,'20:9','5G','Qualcomm Snapdragon 888','Android_11');
INSERT INTO PhoneAttributes (PhoneID,Model,Price,Color,Memory,Storage,Camera,Size,AspectRatio,Connectivity,Processor,OS) VALUES ('PN257','OPPO Find X3 Pro',1149,'Ceramic Black','8GB',256,'50MP  ',6.7,'20:9','5G','Qualcomm Snapdragon 888','Android_11');
INSERT INTO PhoneAttributes (PhoneID,Model,Price,Color,Memory,Storage,Camera,Size,AspectRatio,Connectivity,Processor,OS) VALUES ('PN258','OPPO Find X3 Pro',1249,'Arctic White','8GB',256,'50MP  ',6.7,'20:9','5G','Qualcomm Snapdragon 888','Android_11');
INSERT INTO PhoneAttributes (PhoneID,Model,Price,Color,Memory,Storage,Camera,Size,AspectRatio,Connectivity,Processor,OS) VALUES ('PN259','OPPO Find X3 Pro',1249,'Glaze Black','8GB',512,'50MP  ',6.7,'20:9','5G','Qualcomm Snapdragon 888','Android_11');
INSERT INTO PhoneAttributes (PhoneID,Model,Price,Color,Memory,Storage,Camera,Size,AspectRatio,Connectivity,Processor,OS) VALUES ('PN260','OPPO Find X3 Pro',1349,'Ceramic White','12GB',512,'50MP  ',6.7,'20:9','5G','Qualcomm Snapdragon 888','Android_11');
INSERT INTO PhoneAttributes (PhoneID,Model,Price,Color,Memory,Storage,Camera,Size,AspectRatio,Connectivity,Processor,OS) VALUES ('PN261','Vivo X60 Pro',1099,'Stardust Black','12GB',256,'50MP  ',6.56,'19.8:9','5G','Qualcomm Snapdragon 870','Android_11');
INSERT INTO PhoneAttributes (PhoneID,Model,Price,Color,Memory,Storage,Camera,Size,AspectRatio,Connectivity,Processor,OS) VALUES ('PN262','Vivo X60 Pro',1099,'Shimmer Blue','12GB',256,'50MP  ',6.56,'19.8:9','5G','Qualcomm Snapdragon 870','Android_11');
INSERT INTO PhoneAttributes (PhoneID,Model,Price,Color,Memory,Storage,Camera,Size,AspectRatio,Connectivity,Processor,OS) VALUES ('PN263','Vivo X60 Pro',1199,'Cosmic Black','12GB',512,'50MP  ',6.56,'19.8:9','5G','Qualcomm Snapdragon 870','Android_11');
INSERT INTO PhoneAttributes (PhoneID,Model,Price,Color,Memory,Storage,Camera,Size,AspectRatio,Connectivity,Processor,OS) VALUES ('PN264','Vivo X60 Pro',1199,'Shimmer White','12GB',512,'50MP  ',6.56,'19.8:9','5G','Qualcomm Snapdragon 870','Android_11');
INSERT INTO PhoneAttributes (PhoneID,Model,Price,Color,Memory,Storage,Camera,Size,AspectRatio,Connectivity,Processor,OS) VALUES ('PN265','Vivo X60 Pro',1299,'Stargazing Black','12GB',512,'50MP  ',6.56,'19.8:9','5G','Qualcomm Snapdragon 870','Android_11');
INSERT INTO PhoneAttributes (PhoneID,Model,Price,Color,Memory,Storage,Camera,Size,AspectRatio,Connectivity,Processor,OS) VALUES ('PN266','Realme GT',699,'Starry Black','8GB',128,'64MP ',6.43,'20:9','5G','Qualcomm Snapdragon 870','Android_11');
INSERT INTO PhoneAttributes (PhoneID,Model,Price,Color,Memory,Storage,Camera,Size,AspectRatio,Connectivity,Processor,OS) VALUES ('PN267','Realme GT',799,'Dashing Blue','8GB',256,'64MP ',6.43,'20:9','5G','Qualcomm Snapdragon 870','Android_11');
INSERT INTO PhoneAttributes (PhoneID,Model,Price,Color,Memory,Storage,Camera,Size,AspectRatio,Connectivity,Processor,OS) VALUES ('PN268','Realme GT',899,'Hacker Black','12GB',256,'64MP ',6.43,'20:9','5G','Qualcomm Snapdragon 870','Android_11');
INSERT INTO PhoneAttributes (PhoneID,Model,Price,Color,Memory,Storage,Camera,Size,AspectRatio,Connectivity,Processor,OS) VALUES ('PN269','Realme GT',999,'Nebula','12GB',512,'64MP ',6.43,'20:9','5G','Qualcomm Snapdragon 870','Android_11');
INSERT INTO PhoneAttributes (PhoneID,Model,Price,Color,Memory,Storage,Camera,Size,AspectRatio,Connectivity,Processor,OS) VALUES ('PN270','Realme GT',1299,'Stargaze','12GB',512,'64MP ',6.43,'20:9','5G','Qualcomm Snapdragon 888','Android_11');
INSERT INTO PhoneAttributes (PhoneID,Model,Price,Color,Memory,Storage,Camera,Size,AspectRatio,Connectivity,Processor,OS) VALUES ('PN271','One Plus 9',799,'Arctic Sky','8GB',128,'48MP',6.55,'20:9','5G','Qualcomm Snapdragon 888','Android_11');
INSERT INTO PhoneAttributes (PhoneID,Model,Price,Color,Memory,Storage,Camera,Size,AspectRatio,Connectivity,Processor,OS) VALUES ('PN272','One Plus 9',899,'Morning Mist','8GB',256,'48MP',6.55,'20:9','5G','Qualcomm Snapdragon 888','Android_11');
INSERT INTO PhoneAttributes (PhoneID,Model,Price,Color,Memory,Storage,Camera,Size,AspectRatio,Connectivity,Processor,OS) VALUES ('PN273','One Plus 9',949,'Stellar Black','12GB',256,'48MP',6.55,'20:9','5G','Qualcomm Snapdragon 888','Android_11');
INSERT INTO PhoneAttributes (PhoneID,Model,Price,Color,Memory,Storage,Camera,Size,AspectRatio,Connectivity,Processor,OS) VALUES ('PN274','One Plus 9',1049,'Interstellar Glow','12GB',512,'48MP',6.55,'20:9','5G','Qualcomm Snapdragon 888','Android_11');
INSERT INTO PhoneAttributes (PhoneID,Model,Price,Color,Memory,Storage,Camera,Size,AspectRatio,Connectivity,Processor,OS) VALUES ('PN275','One Plus 9',1149,'Volcanic Black','12GB',512,'48MP',6.55,'20:9','5G','Qualcomm Snapdragon 888','Android_11');
INSERT INTO PhoneAttributes (PhoneID,Model,Price,Color,Memory,Storage,Camera,Size,AspectRatio,Connectivity,Processor,OS) VALUES ('PN276','ZTE Axon 30 Ultra',799,'Glacier White','8GB',128,'64MP ',6.67,'20:9','5G','Qualcomm Snapdragon 870','Android_11');
INSERT INTO PhoneAttributes (PhoneID,Model,Price,Color,Memory,Storage,Camera,Size,AspectRatio,Connectivity,Processor,OS) VALUES ('PN277','ZTE Axon 30 Ultra',899,'Magic Night Black','8GB',256,'64MP ',6.67,'20:9','5G','Qualcomm Snapdragon 870','Android_11');
INSERT INTO PhoneAttributes (PhoneID,Model,Price,Color,Memory,Storage,Camera,Size,AspectRatio,Connectivity,Processor,OS) VALUES ('PN278','ZTE Axon 30 Ultra',999,'Digital Moon Silver','12GB',256,'64MP ',6.67,'20:9','5G','Qualcomm Snapdragon 870','Android_11');
INSERT INTO PhoneAttributes (PhoneID,Model,Price,Color,Memory,Storage,Camera,Size,AspectRatio,Connectivity,Processor,OS) VALUES ('PN279','ZTE Axon 30 Ultra',1199,'Starry Night Black','12GB',512,'64MP ',6.67,'20:9','5G','Qualcomm Snapdragon 888','Android_11');
INSERT INTO PhoneAttributes (PhoneID,Model,Price,Color,Memory,Storage,Camera,Size,AspectRatio,Connectivity,Processor,OS) VALUES ('PN280','ZTE Axon 30 Ultra',1499,'Ceramic White','16GB',512,'64MP ',6.67,'20:9','5G','Qualcomm Snapdragon 888','Android_11');
INSERT INTO PhoneAttributes (PhoneID,Model,Price,Color,Memory,Storage,Camera,Size,AspectRatio,Connectivity,Processor,OS) VALUES ('PN281','Asus Zenfone 8',899,'Obsidian Black ','16GB',256,'50MP ',5.9,'20:9','5G','Qualcomm Snapdragon 888','Android_11');
INSERT INTO PhoneAttributes (PhoneID,Model,Price,Color,Memory,Storage,Camera,Size,AspectRatio,Connectivity,Processor,OS) VALUES ('PN282','Asus Zenfone 8',899,'Glacier White','16GB',256,'50MP ',5.9,'20:9','5G','Qualcomm Snapdragon 888','Android_11');
INSERT INTO PhoneAttributes (PhoneID,Model,Price,Color,Memory,Storage,Camera,Size,AspectRatio,Connectivity,Processor,OS) VALUES ('PN283','Asus Zenfone 8',999,'Glacie White ','12GB',256,'50MP ',5.9,'20:9','5G','Qualcomm Snapdragon 888','Android_11');
INSERT INTO PhoneAttributes (PhoneID,Model,Price,Color,Memory,Storage,Camera,Size,AspectRatio,Connectivity,Processor,OS) VALUES ('PN284','Asus Zenfone 8',1199,'Stellar Black','12GB',256,'50MP ',5.9,'20:9','5G','Qualcomm Snapdragon 888','Android_11');
INSERT INTO PhoneAttributes (PhoneID,Model,Price,Color,Memory,Storage,Camera,Size,AspectRatio,Connectivity,Processor,OS) VALUES ('PN285','Asus Zenfone 8',1499,'Sunset Red ','16GB',512,'50MP ',5.9,'20:9','5G','Qualcomm Snapdragon 888','Android_11');
INSERT INTO PhoneAttributes (PhoneID,Model,Price,Color,Memory,Storage,Camera,Size,AspectRatio,Connectivity,Processor,OS) VALUES ('PN286','Lenovo Legion Phone Duel 6',1199,'Phantom Black ','12GB',512,'64MP ',6.67,'20:9','5G','Qualcomm Snapdragon 888 5G','Android_11');
INSERT INTO PhoneAttributes (PhoneID,Model,Price,Color,Memory,Storage,Camera,Size,AspectRatio,Connectivity,Processor,OS) VALUES ('PN287','Lenovo Legion Phone Duel 6',1499,'Titanium White','16GB',512,'50MP ',6.92,'20.5:9','5G','Qualcomm Snapdragon 8 Gen 1','Android_12');
INSERT INTO PhoneAttributes (PhoneID,Model,Price,Color,Memory,Storage,Camera,Size,AspectRatio,Connectivity,Processor,OS) VALUES ('PN288','Lenovo Legion Phone Duel 6',1899,'Phantom Black ','18GB',1000,'50MP ',7.2,'20.5:9','5G','Qualcomm Snapdragon 8 Gen 2','Android_12');
INSERT INTO PhoneAttributes (PhoneID,Model,Price,Color,Memory,Storage,Camera,Size,AspectRatio,Connectivity,Processor,OS) VALUES ('PN289','Lenovo Legion Phone Duel 6',2299,'Titanium White','24GB',2000,'108MP ',8.0,'21:9','5G','Qualcomm Snapdragon 8 Gen 3','Android_12');
INSERT INTO PhoneAttributes (PhoneID,Model,Price,Color,Memory,Storage,Camera,Size,AspectRatio,Connectivity,Processor,OS) VALUES ('PN290','Lenovo Legion Phone Duel 6',2699,'Titanium White','32GB',4000,'200MP  ',9.0,'23:9','5G','Qualcomm Snapdragon 8 Gen 4','Android_12');
INSERT INTO PhoneAttributes (PhoneID,Model,Price,Color,Memory,Storage,Camera,Size,AspectRatio,Connectivity,Processor,OS) VALUES ('PN291','Xperia 1 III',1299,'Frost Black ','12GB',256,'12MP ',6.5,'21:9','5G','Qualcomm Snapdragon 888 5G','Android_11');
INSERT INTO PhoneAttributes (PhoneID,Model,Price,Color,Memory,Storage,Camera,Size,AspectRatio,Connectivity,Processor,OS) VALUES ('PN292','Xperia 1 III',1699,'Frost Gray ','12GB',512,'12MP ',6.5,'21:9','5G','Qualcomm Snapdragon 888 5G','Android_11');
INSERT INTO PhoneAttributes (PhoneID,Model,Price,Color,Memory,Storage,Camera,Size,AspectRatio,Connectivity,Processor,OS) VALUES ('PN293','Xperia 1 III',1899,'Frost Gray ','16GB',1000,'12MP ',6.5,'21:9','5G','Qualcomm Snapdragon 888 5G','Android_11');
INSERT INTO PhoneAttributes (PhoneID,Model,Price,Color,Memory,Storage,Camera,Size,AspectRatio,Connectivity,Processor,OS) VALUES ('PN294','Xperia 1 III',2199,'Frost Black ','12GB',256,'12MP ',6.5,'21:9','5G','Qualcomm Snapdragon 888 5G','Android_11');
INSERT INTO PhoneAttributes (PhoneID,Model,Price,Color,Memory,Storage,Camera,Size,AspectRatio,Connectivity,Processor,OS) VALUES ('PN295','Xperia 1 III',2499,'Purple','24GB',512,'12MP ',6.5,'21:9','5G','Qualcomm Snapdragon 888 5G','Android_11');
INSERT INTO PhoneAttributes (PhoneID,Model,Price,Color,Memory,Storage,Camera,Size,AspectRatio,Connectivity,Processor,OS) VALUES ('PN296','Alcatel 3X',199,'Onyx Black','4GB',64,'13MP ',6.52,'20:9','5G','MediaTek Helio P35','Android_11');
INSERT INTO PhoneAttributes (PhoneID,Model,Price,Color,Memory,Storage,Camera,Size,AspectRatio,Connectivity,Processor,OS) VALUES ('PN297','Alcatel 3X',299,'Onyx Black','6GB',128,'50MP ',6.52,'20:9','5G','MediaTek Dimensity 700','Android 12');
INSERT INTO PhoneAttributes (PhoneID,Model,Price,Color,Memory,Storage,Camera,Size,AspectRatio,Connectivity,Processor,OS) VALUES ('PN298','Alcatel 3X',249,'Onyx Black','4GB',64,'16MP  ',6.52,'20:9','5G','Qualcomm Snapdragon 480 5G','Android 12');
INSERT INTO PhoneAttributes (PhoneID,Model,Price,Color,Memory,Storage,Camera,Size,AspectRatio,Connectivity,Processor,OS) VALUES ('PN299','Alcatel 3X',299,'Glacier Blue','6GB',128,'24MP ',6.52,'20:9','5G','Qualcomm Snapdragon 730G 5G','Android 12');
INSERT INTO PhoneAttributes (PhoneID,Model,Price,Color,Memory,Storage,Camera,Size,AspectRatio,Connectivity,Processor,OS) VALUES ('PN300','Alcatel 3X',399,'Glacier Blue','8GB',256,'32MP ',6.8,'21:9','5G','Qualcomm Snapdragon 8 Gen 5','Android 12');


INSERT INTO Payment_Info (PaymentID,PaymentPlanID,PaymentMethod) VALUES ('P2001','DD','Cash');
INSERT INTO Payment_Info (PaymentID,PaymentPlanID,PaymentMethod) VALUES ('P2002','MM','CreditCard');
INSERT INTO Payment_Info (PaymentID,PaymentPlanID,PaymentMethod) VALUES ('P2003','QQ','DebitCard');
INSERT INTO Payment_Info (PaymentID,PaymentPlanID,PaymentMethod) VALUES ('P2004','DD','Cash');
INSERT INTO Payment_Info (PaymentID,PaymentPlanID,PaymentMethod) VALUES ('P2005','DD','DebitCard');
INSERT INTO Payment_Info (PaymentID,PaymentPlanID,PaymentMethod) VALUES ('P2006','DD','Cash');
INSERT INTO Payment_Info (PaymentID,PaymentPlanID,PaymentMethod) VALUES ('P2007','QQ','CreditCard');
INSERT INTO Payment_Info (PaymentID,PaymentPlanID,PaymentMethod) VALUES ('P2008','DD','Cash');
INSERT INTO Payment_Info (PaymentID,PaymentPlanID,PaymentMethod) VALUES ('P2009','DD','CreditCard');
INSERT INTO Payment_Info (PaymentID,PaymentPlanID,PaymentMethod) VALUES ('P2010','DD','Cash');
INSERT INTO Payment_Info (PaymentID,PaymentPlanID,PaymentMethod) VALUES ('P2011','QQ','DebitCard');
INSERT INTO Payment_Info (PaymentID,PaymentPlanID,PaymentMethod) VALUES ('P2012','YY','CreditCard');
INSERT INTO Payment_Info (PaymentID,PaymentPlanID,PaymentMethod) VALUES ('P2013','DD','Cash');
INSERT INTO Payment_Info (PaymentID,PaymentPlanID,PaymentMethod) VALUES ('P2014','MM','CreditCard');
INSERT INTO Payment_Info (PaymentID,PaymentPlanID,PaymentMethod) VALUES ('P2015','DD','Cash');
INSERT INTO Payment_Info (PaymentID,PaymentPlanID,PaymentMethod) VALUES ('P2016','YY','CreditCard');
INSERT INTO Payment_Info (PaymentID,PaymentPlanID,PaymentMethod) VALUES ('P2017','DD','CreditCard');
INSERT INTO Payment_Info (PaymentID,PaymentPlanID,PaymentMethod) VALUES ('P2018','MM','DebitCard');
INSERT INTO Payment_Info (PaymentID,PaymentPlanID,PaymentMethod) VALUES ('P2019','DD','Cash');
INSERT INTO Payment_Info (PaymentID,PaymentPlanID,PaymentMethod) VALUES ('P2020','YY','DebitCard');
INSERT INTO Payment_Info (PaymentID,PaymentPlanID,PaymentMethod) VALUES ('P2021','DD','CreditCard');
INSERT INTO Payment_Info (PaymentID,PaymentPlanID,PaymentMethod) VALUES ('P2022','DD','Cash');
INSERT INTO Payment_Info (PaymentID,PaymentPlanID,PaymentMethod) VALUES ('P2023','QQ','CreditCard');
INSERT INTO Payment_Info (PaymentID,PaymentPlanID,PaymentMethod) VALUES ('P2024','YY','DebitCard');
INSERT INTO Payment_Info (PaymentID,PaymentPlanID,PaymentMethod) VALUES ('P2025','DD','Cash');
INSERT INTO Payment_Info (PaymentID,PaymentPlanID,PaymentMethod) VALUES ('P2026','MM','DebitCard');
INSERT INTO Payment_Info (PaymentID,PaymentPlanID,PaymentMethod) VALUES ('P2027','QQ','CreditCard');
INSERT INTO Payment_Info (PaymentID,PaymentPlanID,PaymentMethod) VALUES ('P2028','DD','Cash');
INSERT INTO Payment_Info (PaymentID,PaymentPlanID,PaymentMethod) VALUES ('P2029','DD','CreditCard');
INSERT INTO Payment_Info (PaymentID,PaymentPlanID,PaymentMethod) VALUES ('P2030','MM','DebitCard');
INSERT INTO Payment_Info (PaymentID,PaymentPlanID,PaymentMethod) VALUES ('P2031','DD','Cash');
INSERT INTO Payment_Info (PaymentID,PaymentPlanID,PaymentMethod) VALUES ('P2032','YY','DebitCard');
INSERT INTO Payment_Info (PaymentID,PaymentPlanID,PaymentMethod) VALUES ('P2033','DD','CreditCard');
INSERT INTO Payment_Info (PaymentID,PaymentPlanID,PaymentMethod) VALUES ('P2034','DD','Cash');
INSERT INTO Payment_Info (PaymentID,PaymentPlanID,PaymentMethod) VALUES ('P2035','QQ','CreditCard');
INSERT INTO Payment_Info (PaymentID,PaymentPlanID,PaymentMethod) VALUES ('P2036','YY','DebitCard');
INSERT INTO Payment_Info (PaymentID,PaymentPlanID,PaymentMethod) VALUES ('P2037','DD','Cash');
INSERT INTO Payment_Info (PaymentID,PaymentPlanID,PaymentMethod) VALUES ('P2038','MM','DebitCard');
INSERT INTO Payment_Info (PaymentID,PaymentPlanID,PaymentMethod) VALUES ('P2039','QQ','CreditCard');
INSERT INTO Payment_Info (PaymentID,PaymentPlanID,PaymentMethod) VALUES ('P2040','DD','Cash');
INSERT INTO Payment_Info (PaymentID,PaymentPlanID,PaymentMethod) VALUES ('P2041','DD','CreditCard');
INSERT INTO Payment_Info (PaymentID,PaymentPlanID,PaymentMethod) VALUES ('P2042','MM','DebitCard');
INSERT INTO Payment_Info (PaymentID,PaymentPlanID,PaymentMethod) VALUES ('P2043','DD','Cash');
INSERT INTO Payment_Info (PaymentID,PaymentPlanID,PaymentMethod) VALUES ('P2044','YY','DebitCard');
INSERT INTO Payment_Info (PaymentID,PaymentPlanID,PaymentMethod) VALUES ('P2045','DD','CreditCard');
INSERT INTO Payment_Info (PaymentID,PaymentPlanID,PaymentMethod) VALUES ('P2046','DD','Cash');
INSERT INTO Payment_Info (PaymentID,PaymentPlanID,PaymentMethod) VALUES ('P2047','QQ','CreditCard');
INSERT INTO Payment_Info (PaymentID,PaymentPlanID,PaymentMethod) VALUES ('P2048','YY','DebitCard');
INSERT INTO Payment_Info (PaymentID,PaymentPlanID,PaymentMethod) VALUES ('P2049','DD','Cash');
INSERT INTO Payment_Info (PaymentID,PaymentPlanID,PaymentMethod) VALUES ('P2050','MM','DebitCard');
INSERT INTO Payment_Info (PaymentID,PaymentPlanID,PaymentMethod) VALUES ('P2051','QQ','CreditCard');
INSERT INTO Payment_Info (PaymentID,PaymentPlanID,PaymentMethod) VALUES ('P2052','YY','CreditCard');
INSERT INTO Payment_Info (PaymentID,PaymentPlanID,PaymentMethod) VALUES ('P2053','DD','CreditCard');
INSERT INTO Payment_Info (PaymentID,PaymentPlanID,PaymentMethod) VALUES ('P2054','MM','CreditCard');
INSERT INTO Payment_Info (PaymentID,PaymentPlanID,PaymentMethod) VALUES ('P2055','QQ','CreditCard');
INSERT INTO Payment_Info (PaymentID,PaymentPlanID,PaymentMethod) VALUES ('P2056','YY','CreditCard');
INSERT INTO Payment_Info (PaymentID,PaymentPlanID,PaymentMethod) VALUES ('P2057','DD','CreditCard');
INSERT INTO Payment_Info (PaymentID,PaymentPlanID,PaymentMethod) VALUES ('P2058','MM','CreditCard');
INSERT INTO Payment_Info (PaymentID,PaymentPlanID,PaymentMethod) VALUES ('P2059','QQ','CreditCard');
INSERT INTO Payment_Info (PaymentID,PaymentPlanID,PaymentMethod) VALUES ('P2060','YY','DebitCard');
INSERT INTO Payment_Info (PaymentID,PaymentPlanID,PaymentMethod) VALUES ('P2061','DD','Cash');
INSERT INTO Payment_Info (PaymentID,PaymentPlanID,PaymentMethod) VALUES ('P2062','MM','DebitCard');
INSERT INTO Payment_Info (PaymentID,PaymentPlanID,PaymentMethod) VALUES ('P2063','QQ','CreditCard');
INSERT INTO Payment_Info (PaymentID,PaymentPlanID,PaymentMethod) VALUES ('P2064','DD','Cash');
INSERT INTO Payment_Info (PaymentID,PaymentPlanID,PaymentMethod) VALUES ('P2065','DD','Cash');
INSERT INTO Payment_Info (PaymentID,PaymentPlanID,PaymentMethod) VALUES ('P2066','MM','DebitCard');
INSERT INTO Payment_Info (PaymentID,PaymentPlanID,PaymentMethod) VALUES ('P2067','DD','Cash');
INSERT INTO Payment_Info (PaymentID,PaymentPlanID,PaymentMethod) VALUES ('P2068','YY','DebitCard');
INSERT INTO Payment_Info (PaymentID,PaymentPlanID,PaymentMethod) VALUES ('P2069','DD','CreditCard');
INSERT INTO Payment_Info (PaymentID,PaymentPlanID,PaymentMethod) VALUES ('P2070','MM','CreditCard');
INSERT INTO Payment_Info (PaymentID,PaymentPlanID,PaymentMethod) VALUES ('P2071','QQ','CreditCard');
INSERT INTO Payment_Info (PaymentID,PaymentPlanID,PaymentMethod) VALUES ('P2072','YY','CreditCard');
INSERT INTO Payment_Info (PaymentID,PaymentPlanID,PaymentMethod) VALUES ('P2073','DD','CreditCard');
INSERT INTO Payment_Info (PaymentID,PaymentPlanID,PaymentMethod) VALUES ('P2074','MM','CreditCard');
INSERT INTO Payment_Info (PaymentID,PaymentPlanID,PaymentMethod) VALUES ('P2075','QQ','CreditCard');
INSERT INTO Payment_Info (PaymentID,PaymentPlanID,PaymentMethod) VALUES ('P2076','DD','Cash');
INSERT INTO Payment_Info (PaymentID,PaymentPlanID,PaymentMethod) VALUES ('P2077','DD','Cash');
INSERT INTO Payment_Info (PaymentID,PaymentPlanID,PaymentMethod) VALUES ('P2078','MM','DebitCard');
INSERT INTO Payment_Info (PaymentID,PaymentPlanID,PaymentMethod) VALUES ('P2079','DD','Cash');
INSERT INTO Payment_Info (PaymentID,PaymentPlanID,PaymentMethod) VALUES ('P2080','YY','DebitCard');
INSERT INTO Payment_Info (PaymentID,PaymentPlanID,PaymentMethod) VALUES ('P2081','DD','CreditCard');
INSERT INTO Payment_Info (PaymentID,PaymentPlanID,PaymentMethod) VALUES ('P2082','DD','Cash');
INSERT INTO Payment_Info (PaymentID,PaymentPlanID,PaymentMethod) VALUES ('P2083','QQ','CreditCard');
INSERT INTO Payment_Info (PaymentID,PaymentPlanID,PaymentMethod) VALUES ('P2084','YY','DebitCard');
INSERT INTO Payment_Info (PaymentID,PaymentPlanID,PaymentMethod) VALUES ('P2085','DD','Cash');
INSERT INTO Payment_Info (PaymentID,PaymentPlanID,PaymentMethod) VALUES ('P2086','MM','DebitCard');
INSERT INTO Payment_Info (PaymentID,PaymentPlanID,PaymentMethod) VALUES ('P2087','QQ','CreditCard');
INSERT INTO Payment_Info (PaymentID,PaymentPlanID,PaymentMethod) VALUES ('P2088','DD','Cash');
INSERT INTO Payment_Info (PaymentID,PaymentPlanID,PaymentMethod) VALUES ('P2089','DD','CreditCard');
INSERT INTO Payment_Info (PaymentID,PaymentPlanID,PaymentMethod) VALUES ('P2090','MM','DebitCard');
INSERT INTO Payment_Info (PaymentID,PaymentPlanID,PaymentMethod) VALUES ('P2091','DD','Cash');
INSERT INTO Payment_Info (PaymentID,PaymentPlanID,PaymentMethod) VALUES ('P2092','YY','DebitCard');
INSERT INTO Payment_Info (PaymentID,PaymentPlanID,PaymentMethod) VALUES ('P2093','DD','CreditCard');
INSERT INTO Payment_Info (PaymentID,PaymentPlanID,PaymentMethod) VALUES ('P2094','DD','Cash');
INSERT INTO Payment_Info (PaymentID,PaymentPlanID,PaymentMethod) VALUES ('P2095','QQ','CreditCard');
INSERT INTO Payment_Info (PaymentID,PaymentPlanID,PaymentMethod) VALUES ('P2096','YY','DebitCard');
INSERT INTO Payment_Info (PaymentID,PaymentPlanID,PaymentMethod) VALUES ('P2097','DD','Cash');
INSERT INTO Payment_Info (PaymentID,PaymentPlanID,PaymentMethod) VALUES ('P2098','MM','DebitCard');
INSERT INTO Payment_Info (PaymentID,PaymentPlanID,PaymentMethod) VALUES ('P2099','QQ','CreditCard');
INSERT INTO Payment_Info (PaymentID,PaymentPlanID,PaymentMethod) VALUES ('P2100','DD','Cash');
INSERT INTO Payment_Info (PaymentID,PaymentPlanID,PaymentMethod) VALUES ('P2101','DD','CreditCard');
INSERT INTO Payment_Info (PaymentID,PaymentPlanID,PaymentMethod) VALUES ('P2102','MM','DebitCard');
INSERT INTO Payment_Info (PaymentID,PaymentPlanID,PaymentMethod) VALUES ('P2103','DD','Cash');
INSERT INTO Payment_Info (PaymentID,PaymentPlanID,PaymentMethod) VALUES ('P2104','YY','DebitCard');
INSERT INTO Payment_Info (PaymentID,PaymentPlanID,PaymentMethod) VALUES ('P2105','DD','CreditCard');
INSERT INTO Payment_Info (PaymentID,PaymentPlanID,PaymentMethod) VALUES ('P2106','DD','Cash');
INSERT INTO Payment_Info (PaymentID,PaymentPlanID,PaymentMethod) VALUES ('P2107','QQ','DebitCard');
INSERT INTO Payment_Info (PaymentID,PaymentPlanID,PaymentMethod) VALUES ('P2108','YY','DebitCard');
INSERT INTO Payment_Info (PaymentID,PaymentPlanID,PaymentMethod) VALUES ('P2109','MM','DebitCard');
INSERT INTO Payment_Info (PaymentID,PaymentPlanID,PaymentMethod) VALUES ('P2110','QQ','DebitCard');
INSERT INTO Payment_Info (PaymentID,PaymentPlanID,PaymentMethod) VALUES ('P2111','MM','CreditCard');
INSERT INTO Payment_Info (PaymentID,PaymentPlanID,PaymentMethod) VALUES ('P2112','QQ','CreditCard');
INSERT INTO Payment_Info (PaymentID,PaymentPlanID,PaymentMethod) VALUES ('P2113','DD','DebitCard');
INSERT INTO Payment_Info (PaymentID,PaymentPlanID,PaymentMethod) VALUES ('P2114','MM','CreditCard');
INSERT INTO Payment_Info (PaymentID,PaymentPlanID,PaymentMethod) VALUES ('P2115','DD','DebitCard');
INSERT INTO Payment_Info (PaymentID,PaymentPlanID,PaymentMethod) VALUES ('P2116','YY','CreditCard');
INSERT INTO Payment_Info (PaymentID,PaymentPlanID,PaymentMethod) VALUES ('P2117','QQ','DebitCard');
INSERT INTO Payment_Info (PaymentID,PaymentPlanID,PaymentMethod) VALUES ('P2118','DD','Cash');
INSERT INTO Payment_Info (PaymentID,PaymentPlanID,PaymentMethod) VALUES ('P2119','DD','Cash');
INSERT INTO Payment_Info (PaymentID,PaymentPlanID,PaymentMethod) VALUES ('P2120','DD','Cash');
INSERT INTO Payment_Info (PaymentID,PaymentPlanID,PaymentMethod) VALUES ('P2121','DD','Cash');
INSERT INTO Payment_Info (PaymentID,PaymentPlanID,PaymentMethod) VALUES ('P2122','DD','Cash');
INSERT INTO Payment_Info (PaymentID,PaymentPlanID,PaymentMethod) VALUES ('P2123','DD','Cash');
INSERT INTO Payment_Info (PaymentID,PaymentPlanID,PaymentMethod) VALUES ('P2124','MM','CreditCard');
INSERT INTO Payment_Info (PaymentID,PaymentPlanID,PaymentMethod) VALUES ('P2125','YY','CreditCard');
INSERT INTO Payment_Info (PaymentID,PaymentPlanID,PaymentMethod) VALUES ('P2126','QQ','CreditCard');
INSERT INTO Payment_Info (PaymentID,PaymentPlanID,PaymentMethod) VALUES ('P2127','YY','CreditCard');
INSERT INTO Payment_Info (PaymentID,PaymentPlanID,PaymentMethod) VALUES ('P2128','MM','CreditCard');
INSERT INTO Payment_Info (PaymentID,PaymentPlanID,PaymentMethod) VALUES ('P2129','DD','CreditCard');
INSERT INTO Payment_Info (PaymentID,PaymentPlanID,PaymentMethod) VALUES ('P2130','QQ','CreditCard');
INSERT INTO Payment_Info (PaymentID,PaymentPlanID,PaymentMethod) VALUES ('P2131','MM','CreditCard');
INSERT INTO Payment_Info (PaymentID,PaymentPlanID,PaymentMethod) VALUES ('P2132','QQ','CreditCard');
INSERT INTO Payment_Info (PaymentID,PaymentPlanID,PaymentMethod) VALUES ('P2133','DD','CreditCard');
INSERT INTO Payment_Info (PaymentID,PaymentPlanID,PaymentMethod) VALUES ('P2134','YY','CreditCard');
INSERT INTO Payment_Info (PaymentID,PaymentPlanID,PaymentMethod) VALUES ('P2135','DD','CreditCard');
INSERT INTO Payment_Info (PaymentID,PaymentPlanID,PaymentMethod) VALUES ('P2136','YY','CreditCard');
INSERT INTO Payment_Info (PaymentID,PaymentPlanID,PaymentMethod) VALUES ('P2137','QQ','CreditCard');
INSERT INTO Payment_Info (PaymentID,PaymentPlanID,PaymentMethod) VALUES ('P2138','QQ','CreditCard');
INSERT INTO Payment_Info (PaymentID,PaymentPlanID,PaymentMethod) VALUES ('P2139','YY','CreditCard');
INSERT INTO Payment_Info (PaymentID,PaymentPlanID,PaymentMethod) VALUES ('P2140','QQ','CreditCard');
INSERT INTO Payment_Info (PaymentID,PaymentPlanID,PaymentMethod) VALUES ('P2141','QQ','CreditCard');
INSERT INTO Payment_Info (PaymentID,PaymentPlanID,PaymentMethod) VALUES ('P2142','QQ','DebitCard');
INSERT INTO Payment_Info (PaymentID,PaymentPlanID,PaymentMethod) VALUES ('P2143','QQ','DebitCard');
INSERT INTO Payment_Info (PaymentID,PaymentPlanID,PaymentMethod) VALUES ('P2144','DD','Cash');
INSERT INTO Payment_Info (PaymentID,PaymentPlanID,PaymentMethod) VALUES ('P2145','DD','Cash');
INSERT INTO Payment_Info (PaymentID,PaymentPlanID,PaymentMethod) VALUES ('P2146','MM','CreditCard');
INSERT INTO Payment_Info (PaymentID,PaymentPlanID,PaymentMethod) VALUES ('P2147','QQ','CreditCard');
INSERT INTO Payment_Info (PaymentID,PaymentPlanID,PaymentMethod) VALUES ('P2148','MM','CreditCard');
INSERT INTO Payment_Info (PaymentID,PaymentPlanID,PaymentMethod) VALUES ('P2149','MM','CreditCard');
INSERT INTO Payment_Info (PaymentID,PaymentPlanID,PaymentMethod) VALUES ('P2150','MM','CreditCard');
INSERT INTO Payment_Info (PaymentID,PaymentPlanID,PaymentMethod) VALUES ('P2151','YY','CreditCard');


INSERT INTO CreditCard (PaymentID,CardNumber,ExpiryDate,CreditCardProvider_ID) VALUES ('P2001','4546-3039-4561-3326','2029-04-01','V01');
INSERT INTO CreditCard (PaymentID,CardNumber,ExpiryDate,CreditCardProvider_ID) VALUES ('P2002','4224-8753-8661-5055','2027-11-01','V01');
INSERT INTO CreditCard (PaymentID,CardNumber,ExpiryDate,CreditCardProvider_ID) VALUES ('P2003','4053-1723-5687-6088','2025-09-01','V01');
INSERT INTO CreditCard (PaymentID,CardNumber,ExpiryDate,CreditCardProvider_ID) VALUES ('P2004','4608-5093-3070-0946','2025-03-01','V01');
INSERT INTO CreditCard (PaymentID,CardNumber,ExpiryDate,CreditCardProvider_ID) VALUES ('P2005','4845-3362-7541-9625','2025-08-01','V01');
INSERT INTO CreditCard (PaymentID,CardNumber,ExpiryDate,CreditCardProvider_ID) VALUES ('P2006','4339-1949-0637-3033','2027-12-01','V01');
INSERT INTO CreditCard (PaymentID,CardNumber,ExpiryDate,CreditCardProvider_ID) VALUES ('P2007','4675-0716-5572-0465','2024-06-01','V01');
INSERT INTO CreditCard (PaymentID,CardNumber,ExpiryDate,CreditCardProvider_ID) VALUES ('P2008','4494-1227-4987-6359','2028-08-01','V01');
INSERT INTO CreditCard (PaymentID,CardNumber,ExpiryDate,CreditCardProvider_ID) VALUES ('P2009','4659-0238-1359-2772','2027-12-01','V01');
INSERT INTO CreditCard (PaymentID,CardNumber,ExpiryDate,CreditCardProvider_ID) VALUES ('P2010','4168-2644-2304-6527','2026-07-01','V01');
INSERT INTO CreditCard (PaymentID,CardNumber,ExpiryDate,CreditCardProvider_ID) VALUES ('P2011','4348-5845-8399-8176','2026-12-01','V01');
INSERT INTO CreditCard (PaymentID,CardNumber,ExpiryDate,CreditCardProvider_ID) VALUES ('P2012','4413-8468-3287-8526','2027-05-01','V01');
INSERT INTO CreditCard (PaymentID,CardNumber,ExpiryDate,CreditCardProvider_ID) VALUES ('P2013','4835-5247-7703-0475','2028-11-01','V01');
INSERT INTO CreditCard (PaymentID,CardNumber,ExpiryDate,CreditCardProvider_ID) VALUES ('P2014','4672-9786-3610-6821','2026-04-01','V01');
INSERT INTO CreditCard (PaymentID,CardNumber,ExpiryDate,CreditCardProvider_ID) VALUES ('P2015','4920-7286-2036-6359','2028-04-01','V01');
INSERT INTO CreditCard (PaymentID,CardNumber,ExpiryDate,CreditCardProvider_ID) VALUES ('P2016','4431-8422-2709-7032','2028-07-01','V01');
INSERT INTO CreditCard (PaymentID,CardNumber,ExpiryDate,CreditCardProvider_ID) VALUES ('P2017','4422-8453-0397-9214','2026-05-01','V01');
INSERT INTO CreditCard (PaymentID,CardNumber,ExpiryDate,CreditCardProvider_ID) VALUES ('P2018','4734-5186-7582-1344','2029-08-01','V01');
INSERT INTO CreditCard (PaymentID,CardNumber,ExpiryDate,CreditCardProvider_ID) VALUES ('P2019','4893-8739-0270-5864','2025-07-01','V01');
INSERT INTO CreditCard (PaymentID,CardNumber,ExpiryDate,CreditCardProvider_ID) VALUES ('P2020','4307-1758-7687-1074','2025-05-01','V01');
INSERT INTO CreditCard (PaymentID,CardNumber,ExpiryDate,CreditCardProvider_ID) VALUES ('P2021','4378-9055-8080-7401','2029-07-01','V01');
INSERT INTO CreditCard (PaymentID,CardNumber,ExpiryDate,CreditCardProvider_ID) VALUES ('P2022','4044-4532-9913-4987','2029-06-01','V01');
INSERT INTO CreditCard (PaymentID,CardNumber,ExpiryDate,CreditCardProvider_ID) VALUES ('P2023','4491-9967-2616-1724','2025-01-01','V01');
INSERT INTO CreditCard (PaymentID,CardNumber,ExpiryDate,CreditCardProvider_ID) VALUES ('P2024','4384-1703-6910-6009','2027-08-01','V01');
INSERT INTO CreditCard (PaymentID,CardNumber,ExpiryDate,CreditCardProvider_ID) VALUES ('P2025','4883-4546-7450-5879','2027-01-01','V01');
INSERT INTO CreditCard (PaymentID,CardNumber,ExpiryDate,CreditCardProvider_ID) VALUES ('P2026','4423-0623-3074-2524','2024-07-01','V01');
INSERT INTO CreditCard (PaymentID,CardNumber,ExpiryDate,CreditCardProvider_ID) VALUES ('P2027','4945-6410-7568-6624','2025-08-01','V01');
INSERT INTO CreditCard (PaymentID,CardNumber,ExpiryDate,CreditCardProvider_ID) VALUES ('P2028','4900-3227-3857-2849','2027-11-01','V01');
INSERT INTO CreditCard (PaymentID,CardNumber,ExpiryDate,CreditCardProvider_ID) VALUES ('P2029','4412-6587-7240-6136','2027-08-01','V01');
INSERT INTO CreditCard (PaymentID,CardNumber,ExpiryDate,CreditCardProvider_ID) VALUES ('P2030','4486-9932-1548-2142','2027-04-01','V01');
INSERT INTO CreditCard (PaymentID,CardNumber,ExpiryDate,CreditCardProvider_ID) VALUES ('P2031','5342-2903-4174-3175','2028-06-01','M01');
INSERT INTO CreditCard (PaymentID,CardNumber,ExpiryDate,CreditCardProvider_ID) VALUES ('P2032','5162-6312-4846-5538','2028-02-01','M01');
INSERT INTO CreditCard (PaymentID,CardNumber,ExpiryDate,CreditCardProvider_ID) VALUES ('P2033','5077-0004-8644-5622','2025-02-01','M01');
INSERT INTO CreditCard (PaymentID,CardNumber,ExpiryDate,CreditCardProvider_ID) VALUES ('P2034','5833-2995-3519-4306','2028-02-01','M01');
INSERT INTO CreditCard (PaymentID,CardNumber,ExpiryDate,CreditCardProvider_ID) VALUES ('P2035','5170-9646-0121-8298','2027-03-01','M01');
INSERT INTO CreditCard (PaymentID,CardNumber,ExpiryDate,CreditCardProvider_ID) VALUES ('P2036','5480-2154-0411-0843','2027-01-01','M01');
INSERT INTO CreditCard (PaymentID,CardNumber,ExpiryDate,CreditCardProvider_ID) VALUES ('P2037','5730-2985-4714-3781','2027-03-01','M01');
INSERT INTO CreditCard (PaymentID,CardNumber,ExpiryDate,CreditCardProvider_ID) VALUES ('P2038','5283-5559-8079-4783','2028-11-01','M01');
INSERT INTO CreditCard (PaymentID,CardNumber,ExpiryDate,CreditCardProvider_ID) VALUES ('P2039','5540-1409-9513-3006','2025-12-01','M01');
INSERT INTO CreditCard (PaymentID,CardNumber,ExpiryDate,CreditCardProvider_ID) VALUES ('P2040','5822-3997-4855-6096','2027-03-01','M01');
INSERT INTO CreditCard (PaymentID,CardNumber,ExpiryDate,CreditCardProvider_ID) VALUES ('P2041','5727-1871-5265-5503','2027-06-01','M01');
INSERT INTO CreditCard (PaymentID,CardNumber,ExpiryDate,CreditCardProvider_ID) VALUES ('P2042','5294-1568-1706-0619','2029-02-01','M01');
INSERT INTO CreditCard (PaymentID,CardNumber,ExpiryDate,CreditCardProvider_ID) VALUES ('P2043','5045-1646-3877-5624','2029-07-01','M01');
INSERT INTO CreditCard (PaymentID,CardNumber,ExpiryDate,CreditCardProvider_ID) VALUES ('P2044','5693-0361-5964-0098','2026-09-01','M01');
INSERT INTO CreditCard (PaymentID,CardNumber,ExpiryDate,CreditCardProvider_ID) VALUES ('P2045','5543-1398-4961-9255','2026-05-01','M01');
INSERT INTO CreditCard (PaymentID,CardNumber,ExpiryDate,CreditCardProvider_ID) VALUES ('P2046','5667-2266-6511-4947','2028-03-01','M01');
INSERT INTO CreditCard (PaymentID,CardNumber,ExpiryDate,CreditCardProvider_ID) VALUES ('P2047','5649-7310-6549-4108','2024-02-01','M01');
INSERT INTO CreditCard (PaymentID,CardNumber,ExpiryDate,CreditCardProvider_ID) VALUES ('P2048','5105-9855-9725-0757','2029-09-01','M01');
INSERT INTO CreditCard (PaymentID,CardNumber,ExpiryDate,CreditCardProvider_ID) VALUES ('P2049','5717-8045-9575-7152','2027-06-01','M01');
INSERT INTO CreditCard (PaymentID,CardNumber,ExpiryDate,CreditCardProvider_ID) VALUES ('P2050','5274-1045-7571-0587','2024-10-01','M01');
INSERT INTO CreditCard (PaymentID,CardNumber,ExpiryDate,CreditCardProvider_ID) VALUES ('P2051','5719-7459-1527-2104','2024-04-01','M01');
INSERT INTO CreditCard (PaymentID,CardNumber,ExpiryDate,CreditCardProvider_ID) VALUES ('P2052','5913-7635-0840-9416','2027-09-01','M01');
INSERT INTO CreditCard (PaymentID,CardNumber,ExpiryDate,CreditCardProvider_ID) VALUES ('P2053','5123-5164-1381-8141','2029-12-01','M01');
INSERT INTO CreditCard (PaymentID,CardNumber,ExpiryDate,CreditCardProvider_ID) VALUES ('P2054','5386-2128-1985-2282','2029-09-01','M01');
INSERT INTO CreditCard (PaymentID,CardNumber,ExpiryDate,CreditCardProvider_ID) VALUES ('P2055','5601-9925-0166-3684','2029-05-01','M01');
INSERT INTO CreditCard (PaymentID,CardNumber,ExpiryDate,CreditCardProvider_ID) VALUES ('P2056','3785-848803-58157','2025-06-01','AE01');
INSERT INTO CreditCard (PaymentID,CardNumber,ExpiryDate,CreditCardProvider_ID) VALUES ('P2057','3466-458910-76955','2025-08-01','AE01');
INSERT INTO CreditCard (PaymentID,CardNumber,ExpiryDate,CreditCardProvider_ID) VALUES ('P2058','3417-226714-58302','2027-11-01','AE01');
INSERT INTO CreditCard (PaymentID,CardNumber,ExpiryDate,CreditCardProvider_ID) VALUES ('P2059','3428-328970-44532','2026-10-01','AE01');
INSERT INTO CreditCard (PaymentID,CardNumber,ExpiryDate,CreditCardProvider_ID) VALUES ('P2060','3415-013874-19475','2025-07-01','AE01');
INSERT INTO CreditCard (PaymentID,CardNumber,ExpiryDate,CreditCardProvider_ID) VALUES ('P2061','3768-728994-29656','2025-05-01','AE01');
INSERT INTO CreditCard (PaymentID,CardNumber,ExpiryDate,CreditCardProvider_ID) VALUES ('P2062','3737-133672-29465','2025-05-01','AE01');
INSERT INTO CreditCard (PaymentID,CardNumber,ExpiryDate,CreditCardProvider_ID) VALUES ('P2063','3763-385350-91988','2028-12-01','AE01');
INSERT INTO CreditCard (PaymentID,CardNumber,ExpiryDate,CreditCardProvider_ID) VALUES ('P2064','3487-945500-17759','2026-11-01','AE01');
INSERT INTO CreditCard (PaymentID,CardNumber,ExpiryDate,CreditCardProvider_ID) VALUES ('P2065','3412-739138-59679','2024-10-01','AE01');
INSERT INTO CreditCard (PaymentID,CardNumber,ExpiryDate,CreditCardProvider_ID) VALUES ('P2066','3459-942672-00197','2026-06-01','AE01');
INSERT INTO CreditCard (PaymentID,CardNumber,ExpiryDate,CreditCardProvider_ID) VALUES ('P2067','3437-170406-64753','2029-07-01','AE01');
INSERT INTO CreditCard (PaymentID,CardNumber,ExpiryDate,CreditCardProvider_ID) VALUES ('P2068','3768-931507-44213','2028-01-01','AE01');
INSERT INTO CreditCard (PaymentID,CardNumber,ExpiryDate,CreditCardProvider_ID) VALUES ('P2069','3714-922258-08438','2026-05-01','AE01');
INSERT INTO CreditCard (PaymentID,CardNumber,ExpiryDate,CreditCardProvider_ID) VALUES ('P2070','3779-220410-86778','2026-08-01','AE01');


INSERT INTO DebitCard (PaymentID,DebitNumber) VALUES ('P2071','4912-3456-7890-1234');
INSERT INTO DebitCard (PaymentID,DebitNumber) VALUES ('P2072','6011-2233-4455-6677');
INSERT INTO DebitCard (PaymentID,DebitNumber) VALUES ('P2073','9876-5432-1098-7654');
INSERT INTO DebitCard (PaymentID,DebitNumber) VALUES ('P2074','8765-4321-5678-9012');
INSERT INTO DebitCard (PaymentID,DebitNumber) VALUES ('P2075','3210-9876-5432-1098');
INSERT INTO DebitCard (PaymentID,DebitNumber) VALUES ('P2076','5555-4444-3333-2222');
INSERT INTO DebitCard (PaymentID,DebitNumber) VALUES ('P2077','7777-8888-9999-0000');
INSERT INTO DebitCard (PaymentID,DebitNumber) VALUES ('P2078','2468-1357-9135-7913');
INSERT INTO DebitCard (PaymentID,DebitNumber) VALUES ('P2079','1122-3344-5566-7788');
INSERT INTO DebitCard (PaymentID,DebitNumber) VALUES ('P2080','9988-7766-5544-3322');
INSERT INTO DebitCard (PaymentID,DebitNumber) VALUES ('P2081','4444-1111-8888-5555');
INSERT INTO DebitCard (PaymentID,DebitNumber) VALUES ('P2082','1234-5678-9012-3456');
INSERT INTO DebitCard (PaymentID,DebitNumber) VALUES ('P2083','7890-4321-0987-6543');
INSERT INTO DebitCard (PaymentID,DebitNumber) VALUES ('P2084','1357-2468-7913-9135');
INSERT INTO DebitCard (PaymentID,DebitNumber) VALUES ('P2085','9876-5432-8765-4321');
INSERT INTO DebitCard (PaymentID,DebitNumber) VALUES ('P2086','5678-1234-3456-7890');
INSERT INTO DebitCard (PaymentID,DebitNumber) VALUES ('P2087','1111-2222-3333-4444');
INSERT INTO DebitCard (PaymentID,DebitNumber) VALUES ('P2088','9999-8888-7777-6666');
INSERT INTO DebitCard (PaymentID,DebitNumber) VALUES ('P2089','6666-5555-4444-3333');
INSERT INTO DebitCard (PaymentID,DebitNumber) VALUES ('P2090','3333-4444-5555-6666');
INSERT INTO DebitCard (PaymentID,DebitNumber) VALUES ('P2091','2222-1111-4444-5555');
INSERT INTO DebitCard (PaymentID,DebitNumber) VALUES ('P2092','8765-9876-1098-7654');
INSERT INTO DebitCard (PaymentID,DebitNumber) VALUES ('P2093','4567-8901-2345-6789');
INSERT INTO DebitCard (PaymentID,DebitNumber) VALUES ('P2094','7890-1234-5678-9012');
INSERT INTO DebitCard (PaymentID,DebitNumber) VALUES ('P2095','3456-7890-9012-3456');
INSERT INTO DebitCard (PaymentID,DebitNumber) VALUES ('P2096','6543-2109-0987-8765');
INSERT INTO DebitCard (PaymentID,DebitNumber) VALUES ('P2097','2109-0987-5432-3456');
INSERT INTO DebitCard (PaymentID,DebitNumber) VALUES ('P2098','5432-1098-6789-8765');
INSERT INTO DebitCard (PaymentID,DebitNumber) VALUES ('P2099','8901-2345-5678-1234');
INSERT INTO DebitCard (PaymentID,DebitNumber) VALUES ('P2100','7777-1111-5555-9999');
INSERT INTO DebitCard (PaymentID,DebitNumber) VALUES ('P2101','2222-6666-3333-8888');
INSERT INTO DebitCard (PaymentID,DebitNumber) VALUES ('P2102','4444-8888-1111-5555');
INSERT INTO DebitCard (PaymentID,DebitNumber) VALUES ('P2103','7777-3333-9999-2222');
INSERT INTO DebitCard (PaymentID,DebitNumber) VALUES ('P2104','1111-4444-5555-8888');
INSERT INTO DebitCard (PaymentID,DebitNumber) VALUES ('P2105','8888-5555-2222-1111');
INSERT INTO DebitCard (PaymentID,DebitNumber) VALUES ('P2106','5555-2222-8888-1111');
INSERT INTO DebitCard (PaymentID,DebitNumber) VALUES ('P2107','9999-6666-3333-4444');
INSERT INTO DebitCard (PaymentID,DebitNumber) VALUES ('P2108','6666-4444-1111-9999');


INSERT INTO SalesTicket (SalesTicketID,SalesmanID,CustomerID,PaymentID,SaleDate) VALUES ('TK00001','S1004',1,'P2001','2023-06-01 15:50:00');
INSERT INTO SalesTicket (SalesTicketID,SalesmanID,CustomerID,PaymentID,SaleDate) VALUES ('TK00002','S1005',2,'P2002','2023-06-02 14:38:00');
INSERT INTO SalesTicket (SalesTicketID,SalesmanID,CustomerID,PaymentID,SaleDate) VALUES ('TK00003','S1001',3,'P2003','2023-06-05 17:34:00');
INSERT INTO SalesTicket (SalesTicketID,SalesmanID,CustomerID,PaymentID,SaleDate) VALUES ('TK00004','S1004',4,'P2004','2023-06-06 11:02:00');
INSERT INTO SalesTicket (SalesTicketID,SalesmanID,CustomerID,PaymentID,SaleDate) VALUES ('TK00005','S1005',5,'P2005','2023-06-07 13:38:00');
INSERT INTO SalesTicket (SalesTicketID,SalesmanID,CustomerID,PaymentID,SaleDate) VALUES ('TK00006','S1001',6,'P2006','2023-06-08 15:55:00');
INSERT INTO SalesTicket (SalesTicketID,SalesmanID,CustomerID,PaymentID,SaleDate) VALUES ('TK00007','S1002',7,'P2007','2023-06-09 14:54:00');
INSERT INTO SalesTicket (SalesTicketID,SalesmanID,CustomerID,PaymentID,SaleDate) VALUES ('TK00008','S1003',8,'P2008','2023-06-12 18:10:00');
INSERT INTO SalesTicket (SalesTicketID,SalesmanID,CustomerID,PaymentID,SaleDate) VALUES ('TK00009','S1004',9,'P2009','2023-06-13 12:24:00');
INSERT INTO SalesTicket (SalesTicketID,SalesmanID,CustomerID,PaymentID,SaleDate) VALUES ('TK00010','S1005',10,'P2010','2023-06-14 13:45:00');
INSERT INTO SalesTicket (SalesTicketID,SalesmanID,CustomerID,PaymentID,SaleDate) VALUES ('TK00011','S1001',11,'P2011','2023-06-15 16:58:00');
INSERT INTO SalesTicket (SalesTicketID,SalesmanID,CustomerID,PaymentID,SaleDate) VALUES ('TK00012','S1001',12,'P2012','2023-06-16 16:41:00');
INSERT INTO SalesTicket (SalesTicketID,SalesmanID,CustomerID,PaymentID,SaleDate) VALUES ('TK00013','S1002',13,'P2013','2023-06-19 10:32:00');
INSERT INTO SalesTicket (SalesTicketID,SalesmanID,CustomerID,PaymentID,SaleDate) VALUES ('TK00014','S1001',14,'P2014','2023-06-20 14:04:00');
INSERT INTO SalesTicket (SalesTicketID,SalesmanID,CustomerID,PaymentID,SaleDate) VALUES ('TK00015','S1002',15,'P2015','2023-06-21 14:13:00');
INSERT INTO SalesTicket (SalesTicketID,SalesmanID,CustomerID,PaymentID,SaleDate) VALUES ('TK00016','S1003',16,'P2016','2023-06-22 16:23:00');
INSERT INTO SalesTicket (SalesTicketID,SalesmanID,CustomerID,PaymentID,SaleDate) VALUES ('TK00017','S1001',17,'P2017','2023-06-23 14:14:00');
INSERT INTO SalesTicket (SalesTicketID,SalesmanID,CustomerID,PaymentID,SaleDate) VALUES ('TK00018','S1002',18,'P2018','2023-06-26 14:54:00');
INSERT INTO SalesTicket (SalesTicketID,SalesmanID,CustomerID,PaymentID,SaleDate) VALUES ('TK00019','S1003',19,'P2019','2023-06-27 10:44:00');
INSERT INTO SalesTicket (SalesTicketID,SalesmanID,CustomerID,PaymentID,SaleDate) VALUES ('TK00020','S1004',20,'P2020','2023-06-28 15:51:00');
INSERT INTO SalesTicket (SalesTicketID,SalesmanID,CustomerID,PaymentID,SaleDate) VALUES ('TK00021','S1005',21,'P2021','2023-06-29 11:01:00');
INSERT INTO SalesTicket (SalesTicketID,SalesmanID,CustomerID,PaymentID,SaleDate) VALUES ('TK00022','S1001',22,'P2022','2023-06-30 15:58:00');
INSERT INTO SalesTicket (SalesTicketID,SalesmanID,CustomerID,PaymentID,SaleDate) VALUES ('TK00023','S1002',23,'P2023','2023-07-03 17:33:00');
INSERT INTO SalesTicket (SalesTicketID,SalesmanID,CustomerID,PaymentID,SaleDate) VALUES ('TK00024','S1005',24,'P2024','2023-07-04 10:38:00');
INSERT INTO SalesTicket (SalesTicketID,SalesmanID,CustomerID,PaymentID,SaleDate) VALUES ('TK00025','S1005',25,'P2025','2023-07-05 15:28:00');
INSERT INTO SalesTicket (SalesTicketID,SalesmanID,CustomerID,PaymentID,SaleDate) VALUES ('TK00026','S1001',26,'P2026','2023-07-06 11:39:00');
INSERT INTO SalesTicket (SalesTicketID,SalesmanID,CustomerID,PaymentID,SaleDate) VALUES ('TK00027','S1002',27,'P2027','2023-07-07 18:52:00');
INSERT INTO SalesTicket (SalesTicketID,SalesmanID,CustomerID,PaymentID,SaleDate) VALUES ('TK00028','S1003',28,'P2028','2023-07-10 18:46:00');
INSERT INTO SalesTicket (SalesTicketID,SalesmanID,CustomerID,PaymentID,SaleDate) VALUES ('TK00029','S1004',29,'P2029','2023-07-11 16:59:00');
INSERT INTO SalesTicket (SalesTicketID,SalesmanID,CustomerID,PaymentID,SaleDate) VALUES ('TK00030','S1005',30,'P2030','2023-07-12 12:22:00');
INSERT INTO SalesTicket (SalesTicketID,SalesmanID,CustomerID,PaymentID,SaleDate) VALUES ('TK00031','S1001',31,'P2031','2023-07-13 15:55:00');
INSERT INTO SalesTicket (SalesTicketID,SalesmanID,CustomerID,PaymentID,SaleDate) VALUES ('TK00032','S1002',32,'P2032','2023-07-14 18:15:00');
INSERT INTO SalesTicket (SalesTicketID,SalesmanID,CustomerID,PaymentID,SaleDate) VALUES ('TK00033','S1003',33,'P2033','2023-07-17 12:03:00');
INSERT INTO SalesTicket (SalesTicketID,SalesmanID,CustomerID,PaymentID,SaleDate) VALUES ('TK00034','S1004',34,'P2034','2023-07-18 12:50:00');
INSERT INTO SalesTicket (SalesTicketID,SalesmanID,CustomerID,PaymentID,SaleDate) VALUES ('TK00035','S1005',35,'P2035','2023-07-19 14:50:00');
INSERT INTO SalesTicket (SalesTicketID,SalesmanID,CustomerID,PaymentID,SaleDate) VALUES ('TK00036','S1001',36,'P2036','2023-07-20 10:23:00');
INSERT INTO SalesTicket (SalesTicketID,SalesmanID,CustomerID,PaymentID,SaleDate) VALUES ('TK00037','S1002',37,'P2037','2023-07-21 12:34:00');
INSERT INTO SalesTicket (SalesTicketID,SalesmanID,CustomerID,PaymentID,SaleDate) VALUES ('TK00038','S1003',38,'P2038','2023-07-24 13:34:00');
INSERT INTO SalesTicket (SalesTicketID,SalesmanID,CustomerID,PaymentID,SaleDate) VALUES ('TK00039','S1004',39,'P2039','2023-07-25 11:42:00');
INSERT INTO SalesTicket (SalesTicketID,SalesmanID,CustomerID,PaymentID,SaleDate) VALUES ('TK00040','S1005',40,'P2040','2023-07-26 11:11:00');
INSERT INTO SalesTicket (SalesTicketID,SalesmanID,CustomerID,PaymentID,SaleDate) VALUES ('TK00041','S1002',41,'P2041','2023-07-27 14:15:00');
INSERT INTO SalesTicket (SalesTicketID,SalesmanID,CustomerID,PaymentID,SaleDate) VALUES ('TK00042','S1001',42,'P2042','2023-07-28 10:33:00');
INSERT INTO SalesTicket (SalesTicketID,SalesmanID,CustomerID,PaymentID,SaleDate) VALUES ('TK00043','S1002',43,'P2043','2023-07-31 18:20:00');
INSERT INTO SalesTicket (SalesTicketID,SalesmanID,CustomerID,PaymentID,SaleDate) VALUES ('TK00044','S1003',44,'P2044','2023-08-01 17:17:00');
INSERT INTO SalesTicket (SalesTicketID,SalesmanID,CustomerID,PaymentID,SaleDate) VALUES ('TK00045','S1004',45,'P2045','2023-08-02 15:10:00');
INSERT INTO SalesTicket (SalesTicketID,SalesmanID,CustomerID,PaymentID,SaleDate) VALUES ('TK00046','S1005',46,'P2046','2023-08-03 16:22:00');
INSERT INTO SalesTicket (SalesTicketID,SalesmanID,CustomerID,PaymentID,SaleDate) VALUES ('TK00047','S1001',47,'P2047','2023-08-04 14:27:00');
INSERT INTO SalesTicket (SalesTicketID,SalesmanID,CustomerID,PaymentID,SaleDate) VALUES ('TK00048','S1002',48,'P2048','2023-08-07 14:45:00');
INSERT INTO SalesTicket (SalesTicketID,SalesmanID,CustomerID,PaymentID,SaleDate) VALUES ('TK00049','S1003',49,'P2049','2023-08-08 14:22:00');
INSERT INTO SalesTicket (SalesTicketID,SalesmanID,CustomerID,PaymentID,SaleDate) VALUES ('TK00050','S1004',50,'P2050','2023-08-09 10:53:00');
INSERT INTO SalesTicket (SalesTicketID,SalesmanID,CustomerID,PaymentID,SaleDate) VALUES ('TK00051','S1001',51,'P2051','2023-08-10 11:33:00');
INSERT INTO SalesTicket (SalesTicketID,SalesmanID,CustomerID,PaymentID,SaleDate) VALUES ('TK00052','S1002',52,'P2052','2023-08-11 15:04:00');
INSERT INTO SalesTicket (SalesTicketID,SalesmanID,CustomerID,PaymentID,SaleDate) VALUES ('TK00053','S1001',53,'P2053','2023-08-14 12:31:00');
INSERT INTO SalesTicket (SalesTicketID,SalesmanID,CustomerID,PaymentID,SaleDate) VALUES ('TK00054','S1002',54,'P2054','2023-08-15 14:13:00');
INSERT INTO SalesTicket (SalesTicketID,SalesmanID,CustomerID,PaymentID,SaleDate) VALUES ('TK00055','S1005',55,'P2055','2023-08-16 16:45:00');
INSERT INTO SalesTicket (SalesTicketID,SalesmanID,CustomerID,PaymentID,SaleDate) VALUES ('TK00056','S1001',56,'P2056','2023-08-17 18:46:00');
INSERT INTO SalesTicket (SalesTicketID,SalesmanID,CustomerID,PaymentID,SaleDate) VALUES ('TK00057','S1002',57,'P2057','2023-08-18 11:34:00');
INSERT INTO SalesTicket (SalesTicketID,SalesmanID,CustomerID,PaymentID,SaleDate) VALUES ('TK00058','S1003',58,'P2058','2023-08-21 17:40:00');
INSERT INTO SalesTicket (SalesTicketID,SalesmanID,CustomerID,PaymentID,SaleDate) VALUES ('TK00059','S1004',59,'P2059','2023-08-22 18:59:00');
INSERT INTO SalesTicket (SalesTicketID,SalesmanID,CustomerID,PaymentID,SaleDate) VALUES ('TK00060','S1005',60,'P2060','2023-08-23 12:34:00');
INSERT INTO SalesTicket (SalesTicketID,SalesmanID,CustomerID,PaymentID,SaleDate) VALUES ('TK00061','S1001',61,'P2061','2023-08-24 14:54:00');
INSERT INTO SalesTicket (SalesTicketID,SalesmanID,CustomerID,PaymentID,SaleDate) VALUES ('TK00062','S1002',62,'P2062','2023-08-25 12:08:00');
INSERT INTO SalesTicket (SalesTicketID,SalesmanID,CustomerID,PaymentID,SaleDate) VALUES ('TK00063','S1005',63,'P2063','2023-08-28 12:47:00');
INSERT INTO SalesTicket (SalesTicketID,SalesmanID,CustomerID,PaymentID,SaleDate) VALUES ('TK00064','S1001',64,'P2064','2023-08-29 16:07:00');
INSERT INTO SalesTicket (SalesTicketID,SalesmanID,CustomerID,PaymentID,SaleDate) VALUES ('TK00065','S1002',65,'P2065','2023-08-30 16:43:00');
INSERT INTO SalesTicket (SalesTicketID,SalesmanID,CustomerID,PaymentID,SaleDate) VALUES ('TK00066','S1003',66,'P2066','2023-08-31 15:12:00');
INSERT INTO SalesTicket (SalesTicketID,SalesmanID,CustomerID,PaymentID,SaleDate) VALUES ('TK00067','S1004',67,'P2067','2023-09-01 11:18:00');
INSERT INTO SalesTicket (SalesTicketID,SalesmanID,CustomerID,PaymentID,SaleDate) VALUES ('TK00068','S1003',68,'P2068','2023-09-04 13:56:00');
INSERT INTO SalesTicket (SalesTicketID,SalesmanID,CustomerID,PaymentID,SaleDate) VALUES ('TK00069','S1004',69,'P2069','2023-09-05 11:08:00');
INSERT INTO SalesTicket (SalesTicketID,SalesmanID,CustomerID,PaymentID,SaleDate) VALUES ('TK00070','S1005',70,'P2070','2023-09-06 15:10:00');
INSERT INTO SalesTicket (SalesTicketID,SalesmanID,CustomerID,PaymentID,SaleDate) VALUES ('TK00071','S1001',71,'P2071','2023-09-07 11:25:00');
INSERT INTO SalesTicket (SalesTicketID,SalesmanID,CustomerID,PaymentID,SaleDate) VALUES ('TK00072','S1002',72,'P2072','2023-09-08 16:35:00');
INSERT INTO SalesTicket (SalesTicketID,SalesmanID,CustomerID,PaymentID,SaleDate) VALUES ('TK00073','S1003',73,'P2073','2023-09-11 14:52:00');
INSERT INTO SalesTicket (SalesTicketID,SalesmanID,CustomerID,PaymentID,SaleDate) VALUES ('TK00074','S1004',74,'P2074','2023-09-12 11:41:00');
INSERT INTO SalesTicket (SalesTicketID,SalesmanID,CustomerID,PaymentID,SaleDate) VALUES ('TK00075','S1005',75,'P2075','2023-09-13 17:19:00');
INSERT INTO SalesTicket (SalesTicketID,SalesmanID,CustomerID,PaymentID,SaleDate) VALUES ('TK00076','S1001',76,'P2076','2023-09-14 17:31:00');
INSERT INTO SalesTicket (SalesTicketID,SalesmanID,CustomerID,PaymentID,SaleDate) VALUES ('TK00077','S1002',77,'P2077','2023-09-15 12:20:00');
INSERT INTO SalesTicket (SalesTicketID,SalesmanID,CustomerID,PaymentID,SaleDate) VALUES ('TK00078','S1003',78,'P2078','2023-09-18 16:06:00');
INSERT INTO SalesTicket (SalesTicketID,SalesmanID,CustomerID,PaymentID,SaleDate) VALUES ('TK00079','S1004',79,'P2079','2023-09-19 11:41:00');
INSERT INTO SalesTicket (SalesTicketID,SalesmanID,CustomerID,PaymentID,SaleDate) VALUES ('TK00080','S1005',80,'P2080','2023-09-20 14:17:00');
INSERT INTO SalesTicket (SalesTicketID,SalesmanID,CustomerID,PaymentID,SaleDate) VALUES ('TK00081','S1003',81,'P2081','2023-09-21 15:03:00');
INSERT INTO SalesTicket (SalesTicketID,SalesmanID,CustomerID,PaymentID,SaleDate) VALUES ('TK00082','S1004',82,'P2082','2023-09-22 14:49:00');
INSERT INTO SalesTicket (SalesTicketID,SalesmanID,CustomerID,PaymentID,SaleDate) VALUES ('TK00083','S1005',83,'P2083','2023-09-25 14:06:00');
INSERT INTO SalesTicket (SalesTicketID,SalesmanID,CustomerID,PaymentID,SaleDate) VALUES ('TK00084','S1001',84,'P2084','2023-09-26 10:35:00');
INSERT INTO SalesTicket (SalesTicketID,SalesmanID,CustomerID,PaymentID,SaleDate) VALUES ('TK00085','S1002',85,'P2085','2023-09-27 13:15:00');
INSERT INTO SalesTicket (SalesTicketID,SalesmanID,CustomerID,PaymentID,SaleDate) VALUES ('TK00086','S1003',86,'P2086','2023-09-28 13:59:00');
INSERT INTO SalesTicket (SalesTicketID,SalesmanID,CustomerID,PaymentID,SaleDate) VALUES ('TK00087','S1004',87,'P2087','2023-09-29 14:25:00');
INSERT INTO SalesTicket (SalesTicketID,SalesmanID,CustomerID,PaymentID,SaleDate) VALUES ('TK00088','S1003',88,'P2088','2023-10-02 14:35:00');
INSERT INTO SalesTicket (SalesTicketID,SalesmanID,CustomerID,PaymentID,SaleDate) VALUES ('TK00089','S1005',89,'P2089','2023-10-03 15:12:00');
INSERT INTO SalesTicket (SalesTicketID,SalesmanID,CustomerID,PaymentID,SaleDate) VALUES ('TK00090','S1003',90,'P2090','2023-10-04 10:56:00');
INSERT INTO SalesTicket (SalesTicketID,SalesmanID,CustomerID,PaymentID,SaleDate) VALUES ('TK00091','S1005',91,'P2091','2023-10-05 17:45:00');
INSERT INTO SalesTicket (SalesTicketID,SalesmanID,CustomerID,PaymentID,SaleDate) VALUES ('TK00092','S1005',92,'P2092','2023-10-06 14:01:00');
INSERT INTO SalesTicket (SalesTicketID,SalesmanID,CustomerID,PaymentID,SaleDate) VALUES ('TK00093','S1001',93,'P2093','2023-10-09 14:48:00');
INSERT INTO SalesTicket (SalesTicketID,SalesmanID,CustomerID,PaymentID,SaleDate) VALUES ('TK00094','S1002',94,'P2094','2023-10-10 10:33:00');
INSERT INTO SalesTicket (SalesTicketID,SalesmanID,CustomerID,PaymentID,SaleDate) VALUES ('TK00095','S1003',95,'P2095','2023-10-11 13:34:00');
INSERT INTO SalesTicket (SalesTicketID,SalesmanID,CustomerID,PaymentID,SaleDate) VALUES ('TK00096','S1004',96,'P2096','2023-10-12 10:17:00');
INSERT INTO SalesTicket (SalesTicketID,SalesmanID,CustomerID,PaymentID,SaleDate) VALUES ('TK00097','S1005',97,'P2097','2023-10-13 12:25:00');
INSERT INTO SalesTicket (SalesTicketID,SalesmanID,CustomerID,PaymentID,SaleDate) VALUES ('TK00098','S1001',98,'P2098','2023-10-16 16:28:00');
INSERT INTO SalesTicket (SalesTicketID,SalesmanID,CustomerID,PaymentID,SaleDate) VALUES ('TK00099','S1003',99,'P2099','2023-10-17 13:48:00');
INSERT INTO SalesTicket (SalesTicketID,SalesmanID,CustomerID,PaymentID,SaleDate) VALUES ('TK00100','S1004',100,'P2100','2023-10-18 13:27:00');
INSERT INTO SalesTicket (SalesTicketID,SalesmanID,CustomerID,PaymentID,SaleDate) VALUES ('TK00101','S1005',1,'P2101','2023-10-19 11:50:00');
INSERT INTO SalesTicket (SalesTicketID,SalesmanID,CustomerID,PaymentID,SaleDate) VALUES ('TK00102','S1001',2,'P2102','2023-10-20 17:45:00');
INSERT INTO SalesTicket (SalesTicketID,SalesmanID,CustomerID,PaymentID,SaleDate) VALUES ('TK00103','S1003',3,'P2103','2023-10-23 10:46:00');
INSERT INTO SalesTicket (SalesTicketID,SalesmanID,CustomerID,PaymentID,SaleDate) VALUES ('TK00104','S1004',4,'P2104','2023-10-24 14:45:00');
INSERT INTO SalesTicket (SalesTicketID,SalesmanID,CustomerID,PaymentID,SaleDate) VALUES ('TK00105','S1005',5,'P2105','2023-10-25 12:04:00');
INSERT INTO SalesTicket (SalesTicketID,SalesmanID,CustomerID,PaymentID,SaleDate) VALUES ('TK00106','S1001',6,'P2106','2023-10-26 11:28:00');
INSERT INTO SalesTicket (SalesTicketID,SalesmanID,CustomerID,PaymentID,SaleDate) VALUES ('TK00107','S1003',7,'P2107','2023-10-27 17:19:00');
INSERT INTO SalesTicket (SalesTicketID,SalesmanID,CustomerID,PaymentID,SaleDate) VALUES ('TK00108','S1004',8,'P2108','2023-10-30 15:27:00');
INSERT INTO SalesTicket (SalesTicketID,SalesmanID,CustomerID,PaymentID,SaleDate) VALUES ('TK00109','S1005',9,'P2109','2023-10-31 12:03:00');
INSERT INTO SalesTicket (SalesTicketID,SalesmanID,CustomerID,PaymentID,SaleDate) VALUES ('TK00110','S1001',10,'P2110','2023-11-01 13:50:00');
INSERT INTO SalesTicket (SalesTicketID,SalesmanID,CustomerID,PaymentID,SaleDate) VALUES ('TK00111','S1001',11,'P2111','2023-11-02 18:29:00');
INSERT INTO SalesTicket (SalesTicketID,SalesmanID,CustomerID,PaymentID,SaleDate) VALUES ('TK00112','S1001',12,'P2112','2023-11-03 15:46:00');
INSERT INTO SalesTicket (SalesTicketID,SalesmanID,CustomerID,PaymentID,SaleDate) VALUES ('TK00113','S1003',13,'P2113','2023-11-06 11:34:00');
INSERT INTO SalesTicket (SalesTicketID,SalesmanID,CustomerID,PaymentID,SaleDate) VALUES ('TK00114','S1004',14,'P2114','2023-11-07 11:17:00');
INSERT INTO SalesTicket (SalesTicketID,SalesmanID,CustomerID,PaymentID,SaleDate) VALUES ('TK00115','S1005',15,'P2115','2023-11-08 15:25:00');
INSERT INTO SalesTicket (SalesTicketID,SalesmanID,CustomerID,PaymentID,SaleDate) VALUES ('TK00116','S1001',16,'P2116','2023-11-09 17:16:00');
INSERT INTO SalesTicket (SalesTicketID,SalesmanID,CustomerID,PaymentID,SaleDate) VALUES ('TK00117','S1003',17,'P2117','2023-11-10 16:38:00');
INSERT INTO SalesTicket (SalesTicketID,SalesmanID,CustomerID,PaymentID,SaleDate) VALUES ('TK00118','S1004',18,'P2118','2023-11-13 14:47:00');
INSERT INTO SalesTicket (SalesTicketID,SalesmanID,CustomerID,PaymentID,SaleDate) VALUES ('TK00119','S1005',19,'P2119','2023-11-14 15:08:00');
INSERT INTO SalesTicket (SalesTicketID,SalesmanID,CustomerID,PaymentID,SaleDate) VALUES ('TK00120','S1002',20,'P2120','2023-11-15 13:34:00');
INSERT INTO SalesTicket (SalesTicketID,SalesmanID,CustomerID,PaymentID,SaleDate) VALUES ('TK00121','S1002',20,'P2121','2023-11-16 15:09:00');
INSERT INTO SalesTicket (SalesTicketID,SalesmanID,CustomerID,PaymentID,SaleDate) VALUES ('TK00122','S1001',21,'P2122','2023-11-17 14:37:00');
INSERT INTO SalesTicket (SalesTicketID,SalesmanID,CustomerID,PaymentID,SaleDate) VALUES ('TK00123','S1002',22,'P2123','2023-11-20 16:08:00');
INSERT INTO SalesTicket (SalesTicketID,SalesmanID,CustomerID,PaymentID,SaleDate) VALUES ('TK00124','S1004',23,'P2124','2023-11-21 11:13:00');
INSERT INTO SalesTicket (SalesTicketID,SalesmanID,CustomerID,PaymentID,SaleDate) VALUES ('TK00125','S1005',24,'P2125','2023-11-22 18:09:00');
INSERT INTO SalesTicket (SalesTicketID,SalesmanID,CustomerID,PaymentID,SaleDate) VALUES ('TK00126','S1003',25,'P2126','2023-11-23 18:05:00');
INSERT INTO SalesTicket (SalesTicketID,SalesmanID,CustomerID,PaymentID,SaleDate) VALUES ('TK00127','S1005',26,'P2127','2023-11-24 12:08:00');
INSERT INTO SalesTicket (SalesTicketID,SalesmanID,CustomerID,PaymentID,SaleDate) VALUES ('TK00128','S1005',27,'P2128','2023-11-27 15:26:00');
INSERT INTO SalesTicket (SalesTicketID,SalesmanID,CustomerID,PaymentID,SaleDate) VALUES ('TK00129','S1004',28,'P2129','2023-11-28 10:35:00');
INSERT INTO SalesTicket (SalesTicketID,SalesmanID,CustomerID,PaymentID,SaleDate) VALUES ('TK00130','S1002',29,'P2130','2023-11-29 14:42:00');
INSERT INTO SalesTicket (SalesTicketID,SalesmanID,CustomerID,PaymentID,SaleDate) VALUES ('TK00131','S1002',30,'P2131','2023-11-30 15:09:00');
INSERT INTO SalesTicket (SalesTicketID,SalesmanID,CustomerID,PaymentID,SaleDate) VALUES ('TK00132','S1003',31,'P2132','2023-12-01 10:00:00');
INSERT INTO SalesTicket (SalesTicketID,SalesmanID,CustomerID,PaymentID,SaleDate) VALUES ('TK00133','S1004',32,'P2133','2023-12-04 15:59:00');
INSERT INTO SalesTicket (SalesTicketID,SalesmanID,CustomerID,PaymentID,SaleDate) VALUES ('TK00134','S1005',33,'P2134','2023-12-05 14:34:00');
INSERT INTO SalesTicket (SalesTicketID,SalesmanID,CustomerID,PaymentID,SaleDate) VALUES ('TK00135','S1002',34,'P2135','2023-12-06 11:46:00');
INSERT INTO SalesTicket (SalesTicketID,SalesmanID,CustomerID,PaymentID,SaleDate) VALUES ('TK00136','S1001',35,'P2136','2023-12-07 18:01:00');
INSERT INTO SalesTicket (SalesTicketID,SalesmanID,CustomerID,PaymentID,SaleDate) VALUES ('TK00137','S1002',36,'P2137','2023-12-08 18:10:00');
INSERT INTO SalesTicket (SalesTicketID,SalesmanID,CustomerID,PaymentID,SaleDate) VALUES ('TK00138','S1004',37,'P2138','2023-12-11 14:35:00');
INSERT INTO SalesTicket (SalesTicketID,SalesmanID,CustomerID,PaymentID,SaleDate) VALUES ('TK00139','S1002',38,'P2139','2023-12-12 16:06:00');
INSERT INTO SalesTicket (SalesTicketID,SalesmanID,CustomerID,PaymentID,SaleDate) VALUES ('TK00140','S1003',39,'P2140','2023-12-13 14:07:00');
INSERT INTO SalesTicket (SalesTicketID,SalesmanID,CustomerID,PaymentID,SaleDate) VALUES ('TK00141','S1004',40,'P2141','2023-12-14 15:57:00');
INSERT INTO SalesTicket (SalesTicketID,SalesmanID,CustomerID,PaymentID,SaleDate) VALUES ('TK00142','S1005',41,'P2142','2023-12-15 12:01:00');
INSERT INTO SalesTicket (SalesTicketID,SalesmanID,CustomerID,PaymentID,SaleDate) VALUES ('TK00143','S1002',42,'P2143','2023-12-18 15:20:00');
INSERT INTO SalesTicket (SalesTicketID,SalesmanID,CustomerID,PaymentID,SaleDate) VALUES ('TK00144','S1001',43,'P2144','2023-12-19 17:22:00');
INSERT INTO SalesTicket (SalesTicketID,SalesmanID,CustomerID,PaymentID,SaleDate) VALUES ('TK00145','S1002',44,'P2145','2023-12-20 15:53:00');
INSERT INTO SalesTicket (SalesTicketID,SalesmanID,CustomerID,PaymentID,SaleDate) VALUES ('TK00146','S1004',45,'P2146','2023-12-21 13:30:00');
INSERT INTO SalesTicket (SalesTicketID,SalesmanID,CustomerID,PaymentID,SaleDate) VALUES ('TK00147','S1004',46,'P2147','2023-12-22 13:55:00');
INSERT INTO SalesTicket (SalesTicketID,SalesmanID,CustomerID,PaymentID,SaleDate) VALUES ('TK00148','S1002',47,'P2148','2023-12-25 12:03:00');
INSERT INTO SalesTicket (SalesTicketID,SalesmanID,CustomerID,PaymentID,SaleDate) VALUES ('TK00149','S1003',48,'P2149','2023-12-26 17:35:00');
INSERT INTO SalesTicket (SalesTicketID,SalesmanID,CustomerID,PaymentID,SaleDate) VALUES ('TK00150','S1004',49,'P2150','2023-12-27 10:14:00');
INSERT INTO SalesTicket (SalesTicketID,SalesmanID,CustomerID,PaymentID,SaleDate) VALUES ('TK00151','S1005',50,'P2151','2023-12-28 18:27:00');

INSERT INTO TicketItems (TicketID,PhoneID,ItemQuantity) VALUES ('TK00001','PN1',1);
INSERT INTO TicketItems (TicketID,PhoneID,ItemQuantity) VALUES ('TK00001','PN192',2);
INSERT INTO TicketItems (TicketID,PhoneID,ItemQuantity) VALUES ('TK00002','PN2',1);
INSERT INTO TicketItems (TicketID,PhoneID,ItemQuantity) VALUES ('TK00003','PN3',1);
INSERT INTO TicketItems (TicketID,PhoneID,ItemQuantity) VALUES ('TK00004','PN4',1);
INSERT INTO TicketItems (TicketID,PhoneID,ItemQuantity) VALUES ('TK00005','PN5',1);
INSERT INTO TicketItems (TicketID,PhoneID,ItemQuantity) VALUES ('TK00006','PN6',1);
INSERT INTO TicketItems (TicketID,PhoneID,ItemQuantity) VALUES ('TK00007','PN7',1);
INSERT INTO TicketItems (TicketID,PhoneID,ItemQuantity) VALUES ('TK00008','PN8',1);
INSERT INTO TicketItems (TicketID,PhoneID,ItemQuantity) VALUES ('TK00009','PN9',1);
INSERT INTO TicketItems (TicketID,PhoneID,ItemQuantity) VALUES ('TK00010','PN10',1);
INSERT INTO TicketItems (TicketID,PhoneID,ItemQuantity) VALUES ('TK00011','PN11',1);
INSERT INTO TicketItems (TicketID,PhoneID,ItemQuantity) VALUES ('TK00012','PN12',1);
INSERT INTO TicketItems (TicketID,PhoneID,ItemQuantity) VALUES ('TK00013','PN13',1);
INSERT INTO TicketItems (TicketID,PhoneID,ItemQuantity) VALUES ('TK00014','PN14',1);
INSERT INTO TicketItems (TicketID,PhoneID,ItemQuantity) VALUES ('TK00015','PN15',1);
INSERT INTO TicketItems (TicketID,PhoneID,ItemQuantity) VALUES ('TK00016','PN16',1);
INSERT INTO TicketItems (TicketID,PhoneID,ItemQuantity) VALUES ('TK00017','PN17',1);
INSERT INTO TicketItems (TicketID,PhoneID,ItemQuantity) VALUES ('TK00018','PN18',1);
INSERT INTO TicketItems (TicketID,PhoneID,ItemQuantity) VALUES ('TK00019','PN19',1);
INSERT INTO TicketItems (TicketID,PhoneID,ItemQuantity) VALUES ('TK00020','PN20',1);
INSERT INTO TicketItems (TicketID,PhoneID,ItemQuantity) VALUES ('TK00021','PN21',1);
INSERT INTO TicketItems (TicketID,PhoneID,ItemQuantity) VALUES ('TK00022','PN22',1);
INSERT INTO TicketItems (TicketID,PhoneID,ItemQuantity) VALUES ('TK00023','PN23',1);
INSERT INTO TicketItems (TicketID,PhoneID,ItemQuantity) VALUES ('TK00024','PN24',1);
INSERT INTO TicketItems (TicketID,PhoneID,ItemQuantity) VALUES ('TK00025','PN25',1);
INSERT INTO TicketItems (TicketID,PhoneID,ItemQuantity) VALUES ('TK00026','PN26',1);
INSERT INTO TicketItems (TicketID,PhoneID,ItemQuantity) VALUES ('TK00027','PN27',1);
INSERT INTO TicketItems (TicketID,PhoneID,ItemQuantity) VALUES ('TK00028','PN28',1);
INSERT INTO TicketItems (TicketID,PhoneID,ItemQuantity) VALUES ('TK00029','PN29',1);
INSERT INTO TicketItems (TicketID,PhoneID,ItemQuantity) VALUES ('TK00030','PN30',1);
INSERT INTO TicketItems (TicketID,PhoneID,ItemQuantity) VALUES ('TK00031','PN31',1);
INSERT INTO TicketItems (TicketID,PhoneID,ItemQuantity) VALUES ('TK00032','PN32',1);
INSERT INTO TicketItems (TicketID,PhoneID,ItemQuantity) VALUES ('TK00033','PN33',1);
INSERT INTO TicketItems (TicketID,PhoneID,ItemQuantity) VALUES ('TK00034','PN34',1);
INSERT INTO TicketItems (TicketID,PhoneID,ItemQuantity) VALUES ('TK00035','PN35',1);
INSERT INTO TicketItems (TicketID,PhoneID,ItemQuantity) VALUES ('TK00036','PN36',1);
INSERT INTO TicketItems (TicketID,PhoneID,ItemQuantity) VALUES ('TK00037','PN37',1);
INSERT INTO TicketItems (TicketID,PhoneID,ItemQuantity) VALUES ('TK00038','PN38',1);
INSERT INTO TicketItems (TicketID,PhoneID,ItemQuantity) VALUES ('TK00039','PN39',1);
INSERT INTO TicketItems (TicketID,PhoneID,ItemQuantity) VALUES ('TK00040','PN40',1);
INSERT INTO TicketItems (TicketID,PhoneID,ItemQuantity) VALUES ('TK00041','PN41',1);
INSERT INTO TicketItems (TicketID,PhoneID,ItemQuantity) VALUES ('TK00042','PN42',1);
INSERT INTO TicketItems (TicketID,PhoneID,ItemQuantity) VALUES ('TK00043','PN43',1);
INSERT INTO TicketItems (TicketID,PhoneID,ItemQuantity) VALUES ('TK00044','PN44',1);
INSERT INTO TicketItems (TicketID,PhoneID,ItemQuantity) VALUES ('TK00045','PN45',1);
INSERT INTO TicketItems (TicketID,PhoneID,ItemQuantity) VALUES ('TK00046','PN46',1);
INSERT INTO TicketItems (TicketID,PhoneID,ItemQuantity) VALUES ('TK00047','PN47',1);
INSERT INTO TicketItems (TicketID,PhoneID,ItemQuantity) VALUES ('TK00048','PN48',1);
INSERT INTO TicketItems (TicketID,PhoneID,ItemQuantity) VALUES ('TK00049','PN49',1);
INSERT INTO TicketItems (TicketID,PhoneID,ItemQuantity) VALUES ('TK00050','PN50',1);
INSERT INTO TicketItems (TicketID,PhoneID,ItemQuantity) VALUES ('TK00051','PN51',1);
INSERT INTO TicketItems (TicketID,PhoneID,ItemQuantity) VALUES ('TK00052','PN52',1);
INSERT INTO TicketItems (TicketID,PhoneID,ItemQuantity) VALUES ('TK00053','PN53',1);
INSERT INTO TicketItems (TicketID,PhoneID,ItemQuantity) VALUES ('TK00054','PN54',1);
INSERT INTO TicketItems (TicketID,PhoneID,ItemQuantity) VALUES ('TK00055','PN55',1);
INSERT INTO TicketItems (TicketID,PhoneID,ItemQuantity) VALUES ('TK00056','PN56',1);
INSERT INTO TicketItems (TicketID,PhoneID,ItemQuantity) VALUES ('TK00057','PN57',1);
INSERT INTO TicketItems (TicketID,PhoneID,ItemQuantity) VALUES ('TK00058','PN58',1);
INSERT INTO TicketItems (TicketID,PhoneID,ItemQuantity) VALUES ('TK00059','PN59',1);
INSERT INTO TicketItems (TicketID,PhoneID,ItemQuantity) VALUES ('TK00060','PN60',1);
INSERT INTO TicketItems (TicketID,PhoneID,ItemQuantity) VALUES ('TK00061','PN61',1);
INSERT INTO TicketItems (TicketID,PhoneID,ItemQuantity) VALUES ('TK00062','PN62',1);
INSERT INTO TicketItems (TicketID,PhoneID,ItemQuantity) VALUES ('TK00063','PN63',1);
INSERT INTO TicketItems (TicketID,PhoneID,ItemQuantity) VALUES ('TK00064','PN64',1);
INSERT INTO TicketItems (TicketID,PhoneID,ItemQuantity) VALUES ('TK00065','PN65',1);
INSERT INTO TicketItems (TicketID,PhoneID,ItemQuantity) VALUES ('TK00066','PN66',1);
INSERT INTO TicketItems (TicketID,PhoneID,ItemQuantity) VALUES ('TK00067','PN67',1);
INSERT INTO TicketItems (TicketID,PhoneID,ItemQuantity) VALUES ('TK00068','PN68',1);
INSERT INTO TicketItems (TicketID,PhoneID,ItemQuantity) VALUES ('TK00069','PN69',1);
INSERT INTO TicketItems (TicketID,PhoneID,ItemQuantity) VALUES ('TK00070','PN70',1);
INSERT INTO TicketItems (TicketID,PhoneID,ItemQuantity) VALUES ('TK00071','PN71',1);
INSERT INTO TicketItems (TicketID,PhoneID,ItemQuantity) VALUES ('TK00072','PN72',1);
INSERT INTO TicketItems (TicketID,PhoneID,ItemQuantity) VALUES ('TK00073','PN73',1);
INSERT INTO TicketItems (TicketID,PhoneID,ItemQuantity) VALUES ('TK00074','PN74',1);
INSERT INTO TicketItems (TicketID,PhoneID,ItemQuantity) VALUES ('TK00075','PN75',1);
INSERT INTO TicketItems (TicketID,PhoneID,ItemQuantity) VALUES ('TK00076','PN76',1);
INSERT INTO TicketItems (TicketID,PhoneID,ItemQuantity) VALUES ('TK00077','PN77',1);
INSERT INTO TicketItems (TicketID,PhoneID,ItemQuantity) VALUES ('TK00078','PN78',1);
INSERT INTO TicketItems (TicketID,PhoneID,ItemQuantity) VALUES ('TK00079','PN79',1);
INSERT INTO TicketItems (TicketID,PhoneID,ItemQuantity) VALUES ('TK00080','PN80',1);
INSERT INTO TicketItems (TicketID,PhoneID,ItemQuantity) VALUES ('TK00081','PN81',1);
INSERT INTO TicketItems (TicketID,PhoneID,ItemQuantity) VALUES ('TK00082','PN82',1);
INSERT INTO TicketItems (TicketID,PhoneID,ItemQuantity) VALUES ('TK00083','PN83',1);
INSERT INTO TicketItems (TicketID,PhoneID,ItemQuantity) VALUES ('TK00084','PN84',1);
INSERT INTO TicketItems (TicketID,PhoneID,ItemQuantity) VALUES ('TK00085','PN85',1);
INSERT INTO TicketItems (TicketID,PhoneID,ItemQuantity) VALUES ('TK00086','PN86',1);
INSERT INTO TicketItems (TicketID,PhoneID,ItemQuantity) VALUES ('TK00087','PN87',1);
INSERT INTO TicketItems (TicketID,PhoneID,ItemQuantity) VALUES ('TK00088','PN88',1);
INSERT INTO TicketItems (TicketID,PhoneID,ItemQuantity) VALUES ('TK00089','PN89',1);
INSERT INTO TicketItems (TicketID,PhoneID,ItemQuantity) VALUES ('TK00090','PN90',1);
INSERT INTO TicketItems (TicketID,PhoneID,ItemQuantity) VALUES ('TK00091','PN91',1);
INSERT INTO TicketItems (TicketID,PhoneID,ItemQuantity) VALUES ('TK00092','PN92',1);
INSERT INTO TicketItems (TicketID,PhoneID,ItemQuantity) VALUES ('TK00093','PN93',1);
INSERT INTO TicketItems (TicketID,PhoneID,ItemQuantity) VALUES ('TK00094','PN94',1);
INSERT INTO TicketItems (TicketID,PhoneID,ItemQuantity) VALUES ('TK00095','PN95',1);
INSERT INTO TicketItems (TicketID,PhoneID,ItemQuantity) VALUES ('TK00096','PN96',1);
INSERT INTO TicketItems (TicketID,PhoneID,ItemQuantity) VALUES ('TK00097','PN97',1);
INSERT INTO TicketItems (TicketID,PhoneID,ItemQuantity) VALUES ('TK00098','PN98',1);
INSERT INTO TicketItems (TicketID,PhoneID,ItemQuantity) VALUES ('TK00099','PN99',1);
INSERT INTO TicketItems (TicketID,PhoneID,ItemQuantity) VALUES ('TK00100','PN100',1);
INSERT INTO TicketItems (TicketID,PhoneID,ItemQuantity) VALUES ('TK00101','PN101',2);
INSERT INTO TicketItems (TicketID,PhoneID,ItemQuantity) VALUES ('TK00102','PN102',2);
INSERT INTO TicketItems (TicketID,PhoneID,ItemQuantity) VALUES ('TK00103','PN103',2);
INSERT INTO TicketItems (TicketID,PhoneID,ItemQuantity) VALUES ('TK00104','PN104',2);
INSERT INTO TicketItems (TicketID,PhoneID,ItemQuantity) VALUES ('TK00105','PN105',2);
INSERT INTO TicketItems (TicketID,PhoneID,ItemQuantity) VALUES ('TK00106','PN106',2);
INSERT INTO TicketItems (TicketID,PhoneID,ItemQuantity) VALUES ('TK00107','PN107',2);
INSERT INTO TicketItems (TicketID,PhoneID,ItemQuantity) VALUES ('TK00108','PN108',2);
INSERT INTO TicketItems (TicketID,PhoneID,ItemQuantity) VALUES ('TK00109','PN109',2);
INSERT INTO TicketItems (TicketID,PhoneID,ItemQuantity) VALUES ('TK00110','PN110',2);
INSERT INTO TicketItems (TicketID,PhoneID,ItemQuantity) VALUES ('TK00111','PN111',2);
INSERT INTO TicketItems (TicketID,PhoneID,ItemQuantity) VALUES ('TK00112','PN112',2);
INSERT INTO TicketItems (TicketID,PhoneID,ItemQuantity) VALUES ('TK00113','PN113',2);
INSERT INTO TicketItems (TicketID,PhoneID,ItemQuantity) VALUES ('TK00114','PN114',2);
INSERT INTO TicketItems (TicketID,PhoneID,ItemQuantity) VALUES ('TK00115','PN115',2);
INSERT INTO TicketItems (TicketID,PhoneID,ItemQuantity) VALUES ('TK00116','PN116',2);
INSERT INTO TicketItems (TicketID,PhoneID,ItemQuantity) VALUES ('TK00117','PN117',2);
INSERT INTO TicketItems (TicketID,PhoneID,ItemQuantity) VALUES ('TK00118','PN118',2);
INSERT INTO TicketItems (TicketID,PhoneID,ItemQuantity) VALUES ('TK00119','PN119',2);
INSERT INTO TicketItems (TicketID,PhoneID,ItemQuantity) VALUES ('TK00120','PN120',2);
INSERT INTO TicketItems (TicketID,PhoneID,ItemQuantity) VALUES ('TK00121','PN121',2);
INSERT INTO TicketItems (TicketID,PhoneID,ItemQuantity) VALUES ('TK00122','PN122',2);
INSERT INTO TicketItems (TicketID,PhoneID,ItemQuantity) VALUES ('TK00123','PN123',2);
INSERT INTO TicketItems (TicketID,PhoneID,ItemQuantity) VALUES ('TK00124','PN124',2);
INSERT INTO TicketItems (TicketID,PhoneID,ItemQuantity) VALUES ('TK00125','PN125',2);
INSERT INTO TicketItems (TicketID,PhoneID,ItemQuantity) VALUES ('TK00126','PN126',2);
INSERT INTO TicketItems (TicketID,PhoneID,ItemQuantity) VALUES ('TK00127','PN127',3);
INSERT INTO TicketItems (TicketID,PhoneID,ItemQuantity) VALUES ('TK00128','PN128',3);
INSERT INTO TicketItems (TicketID,PhoneID,ItemQuantity) VALUES ('TK00129','PN129',3);
INSERT INTO TicketItems (TicketID,PhoneID,ItemQuantity) VALUES ('TK00130','PN130',3);
INSERT INTO TicketItems (TicketID,PhoneID,ItemQuantity) VALUES ('TK00131','PN131',3);
INSERT INTO TicketItems (TicketID,PhoneID,ItemQuantity) VALUES ('TK00132','PN132',3);
INSERT INTO TicketItems (TicketID,PhoneID,ItemQuantity) VALUES ('TK00133','PN133',3);
INSERT INTO TicketItems (TicketID,PhoneID,ItemQuantity) VALUES ('TK00134','PN134',3);
INSERT INTO TicketItems (TicketID,PhoneID,ItemQuantity) VALUES ('TK00135','PN135',3);
INSERT INTO TicketItems (TicketID,PhoneID,ItemQuantity) VALUES ('TK00136','PN136',3);
INSERT INTO TicketItems (TicketID,PhoneID,ItemQuantity) VALUES ('TK00137','PN137',3);
INSERT INTO TicketItems (TicketID,PhoneID,ItemQuantity) VALUES ('TK00138','PN138',3);
INSERT INTO TicketItems (TicketID,PhoneID,ItemQuantity) VALUES ('TK00139','PN139',3);
INSERT INTO TicketItems (TicketID,PhoneID,ItemQuantity) VALUES ('TK00140','PN140',3);
INSERT INTO TicketItems (TicketID,PhoneID,ItemQuantity) VALUES ('TK00141','PN141',3);
INSERT INTO TicketItems (TicketID,PhoneID,ItemQuantity) VALUES ('TK00142','PN142',3);
INSERT INTO TicketItems (TicketID,PhoneID,ItemQuantity) VALUES ('TK00143','PN143',3);
INSERT INTO TicketItems (TicketID,PhoneID,ItemQuantity) VALUES ('TK00144','PN144',3);
INSERT INTO TicketItems (TicketID,PhoneID,ItemQuantity) VALUES ('TK00145','PN145',3);
INSERT INTO TicketItems (TicketID,PhoneID,ItemQuantity) VALUES ('TK00146','PN146',3);
INSERT INTO TicketItems (TicketID,PhoneID,ItemQuantity) VALUES ('TK00147','PN147',3);
INSERT INTO TicketItems (TicketID,PhoneID,ItemQuantity) VALUES ('TK00148','PN148',3);
INSERT INTO TicketItems (TicketID,PhoneID,ItemQuantity) VALUES ('TK00149','PN149',3);
INSERT INTO TicketItems (TicketID,PhoneID,ItemQuantity) VALUES ('TK00150','PN150',3);
INSERT INTO TicketItems (TicketID,PhoneID,ItemQuantity) VALUES ('TK00151','PN151',3);